Workbook

Sheet Experiment
A1: NaCl 0.01mol/L | C1: 20180907/180907145103.csv
A2: Frequency[Hz] | B2: Z[ohm] | C2: PHASE[deg] | D2: Rs[ohm] | E2: X[ohm]
A3: 1000000 | B3: 929.421 | C3: -2.022 | D3: 928.843 | E3: -32.7901
A4: 1000000 | B4: 929.226 | C4: -1.997 | D4: 928.662 | E4: -32.3745
A5: 1100000 | B5: 926.125 | C5: -2.228 | D5: 925.425 | E5: -36.0005
A6: 1100000 | B6: 925.98 | C6: -2.17 | D6: 925.316 | E6: -35.0619
A7: 1200000 | B7: 923.724 | C7: -2.373 | D7: 922.932 | E7: -38.2436
A8: 1200000 | B8: 925.14 | C8: -2.385 | D8: 924.339 | E8: -38.4927
A9: 1300000 | B9: 923.385 | C9: -2.563 | D9: 922.462 | E9: -41.2864
A10: 1300000 | B10: 922.457 | C10: -2.582 | D10: 921.52 | E10: -41.5596
A11: 1400000 | B11: 922.355 | C11: -2.747 | D11: 921.295 | E11: -44.1997
A12: 1400000 | B12: 923.148 | C12: -2.73 | D12: 922.1 | E12: -43.9694
A13: 1500000 | B13: 923.417 | C13: -2.97 | D13: 922.177 | E13: -47.8399
A14: 1600000 | B14: 923.664 | C14: -3.156 | D14: 922.263 | E14: -50.8467
... A202: 3000000000 | B202: 107.679 | C202: -85.487 | D202: 8.47314 | E202: -107.345

Sheet Reflection
A1: =Experiment!#REF! -> #REF! | B1: unit | C1: 0+1i | I1: =Experiment!#REF! -> #REF! | J1: unit | K1: 0+1i | Q1: =Experiment!A1 -> NaCl 0.01mol/L | R1: unit | S1: 0+1i | Y1: =Experiment!#REF! -> #REF! | Z1: unit | AA1: 0+1i
A2: Frequency[Hz] | B2: U | C2: V | D2: U+iV | E2: RC | F2: RL | I2: Frequency[Hz] | J2: U | K2: V | L2: U+iV | M2: RC | N2: RL | Q2: Frequency[Hz] | R2: U | S2: V | T2: U+iV | U2: RC | V2: RL | Y2: Frequency[Hz] | Z2: U | AA2: V | AB2: U+iV | AC2: RC | AD2: RL
A3: =Experiment!#REF! -> #REF! | B3: =((Experiment!#REF!+50)*(Experiment!#REF!-50)+(Experiment!#REF!^2))/((Experiment!#REF!+50)^2+(Experiment!#REF!^2)) -> #REF! | C3: =((Experiment!#REF!+50)*Experiment!#REF!-Experiment!#REF!*(Experiment!#REF!-50))/((Experiment!#REF!+50)^2+(Experiment!#REF!^2)) -> #REF! | D3: =IMSUM(B3,IMPRODUCT(C3,$C$1)) -> #REF! | E3: =SQRT(B3^2+C3^2) -> #REF! | F3: =-20*LOG(ABS(E3)) -> #REF! | I3: =Experiment!#REF! -> #REF! | J3: =((Experiment!#REF!+50)*(Experiment!#REF!-50)+(Experiment!#REF!^2))/((Experiment!#REF!+50)^2+(Experiment!#REF!^2)) -> #REF! | K3: =((Experiment!#REF!+50)*Experiment!#REF!-Experiment!#REF!*(Experiment!#REF!-50))/((Experiment!#REF!+50)^2+(Experiment!#REF!^2)) -> #REF! | L3: =IMSUM(J3,IMPRODUCT(K3,$K$1)) -> #REF! | M3: =SQRT(J3^2+K3^2) -> #REF! | N3: =-20*LOG(ABS(M3)) -> #REF! | Q3: =Experiment!A3 -> 1000000 | R3: =((Experiment!D3+50)*(Experiment!D3-50)+(Experiment!E3^2))/((Experiment!D3+50)^2+(Experiment!E3^2)) -> 0.89795308 | S3: =((Experiment!D3+50)*Experiment!E3-Experiment!E3*(Experiment!D3-50))/((Experiment!D3+50)^2+(Experiment!E3^2)) -> -0.0034184528 | T3: =IMSUM(R3,IMPRODUCT(S3,$S$1)) -> 0.8979530848234-0.00341845275834044i | U3: =SQRT(R3^2+S3^2) -> 0.89795959 | V3: =-20*LOG(ABS(U3)) -> 0.93486412 | Y3: =Experiment!#REF! -> #REF! | Z3: =((Experiment!#REF!+50)*(Experiment!#REF!-50)+(Experiment!#REF!^2))/((Experiment!#REF!+50)^2+(Experiment!#REF!^2)) -> #REF! | AA3: =((Experiment!#REF!+50)*Experiment!#REF!-Experiment!#REF!*(Experiment!#REF!-50))/((Experiment!#REF!+50)^2+(Experiment!#REF!^2)) -> #REF! | AB3: =IMSUM(Z3,IMPRODUCT(AA3,$AA$1)) -> #REF! | AC3: =SQRT(Z3^2+AA3^2) -> #REF! | AD3: =-20*LOG(ABS(AC3)) -> #REF!
A4: =Experiment!#REF! -> #REF! | B4: =((Experiment!#REF!+50)*(Experiment!#REF!-50)+(Experiment!#REF!^2))/((Experiment!#REF!+50)^2+(Experiment!#REF!^2)) -> #REF! | C4: =((Experiment!#REF!+50)*Experiment!#REF!-Experiment!#REF!*(Experiment!#REF!-50))/((Experiment!#REF!+50)^2+(Experiment!#REF!^2)) -> #REF! | D4: =IMSUM(B4,IMPRODUCT(C4,$C$1)) -> #REF! | E4: =SQRT(B4^2+C4^2) -> #REF! | F4: =-20*LOG(ABS(E4)) -> #REF! | I4: =Experiment!#REF! -> #REF! | J4: =((Experiment!#REF!+50)*(Experiment!#REF!-50)+(Experiment!#REF!^2))/((Experiment!#REF!+50)^2+(Experiment!#REF!^2)) -> #REF! | K4: =((Experiment!#REF!+50)*Experiment!#REF!-Experiment!#REF!*(Experiment!#REF!-50))/((Experiment!#REF!+50)^2+(Experiment!#REF!^2)) -> #REF! | L4: =IMSUM(J4,IMPRODUCT(K4,$K$1)) -> #REF! | M4: =SQRT(J4^2+K4^2) -> #REF! | N4: =-20*LOG(ABS(M4)) -> #REF! | Q4: =Experiment!A4 -> 1000000 | R4: =((Experiment!D4+50)*(Experiment!D4-50)+(Experiment!E4^2))/((Experiment!D4+50)^2+(Experiment!E4^2)) -> 0.89793137 | S4: =((Experiment!D4+50)*Experiment!E4-Experiment!E4*(Experiment!D4-50))/((Experiment!D4+50)^2+(Experiment!E4^2)) -> -0.0033764679 | T4: =IMSUM(R4,IMPRODUCT(S4,$S$1)) -> 0.897931371055607-0.00337646789980632i | U4: =SQRT(R4^2+S4^2) -> 0.89793772 | V4: =-20*LOG(ABS(U4)) -> 0.9350757 | Y4: =Experiment!#REF! -> #REF! | Z4: =((Experiment!#REF!+50)*(Experiment!#REF!-50)+(Experiment!#REF!^2))/((Experiment!#REF!+50)^2+(Experiment!#REF!^2)) -> #REF! | AA4: =((Experiment!#REF!+50)*Experiment!#REF!-Experiment!#REF!*(Experiment!#REF!-50))/((Experiment!#REF!+50)^2+(Experiment!#REF!^2)) -> #REF! | AB4: =IMSUM(Z4,IMPRODUCT(AA4,$AA$1)) -> #REF! | AC4: =SQRT(Z4^2+AA4^2) -> #REF! | AD4: =-20*LOG(ABS(AC4)) -> #REF!
A5: =Experiment!#REF! -> #REF! | B5: =((Experiment!#REF!+50)*(Experiment!#REF!-50)+(Experiment!#REF!^2))/((Experiment!#REF!+50)^2+(Experiment!#REF!^2)) -> #REF! | C5: =((Experiment!#REF!+50)*Experiment!#REF!-Experiment!#REF!*(Experiment!#REF!-50))/((Experiment!#REF!+50)^2+(Experiment!#REF!^2)) -> #REF! | D5: =IMSUM(B5,IMPRODUCT(C5,$C$1)) -> #REF! | E5: =SQRT(B5^2+C5^2) -> #REF! | F5: =-20*LOG(ABS(E5)) -> #REF! | I5: =Experiment!#REF! -> #REF! | J5: =((Experiment!#REF!+50)*(Experiment!#REF!-50)+(Experiment!#REF!^2))/((Experiment!#REF!+50)^2+(Experiment!#REF!^2)) -> #REF! | K5: =((Experiment!#REF!+50)*Experiment!#REF!-Experiment!#REF!*(Experiment!#REF!-50))/((Experiment!#REF!+50)^2+(Experiment!#REF!^2)) -> #REF! | L5: =IMSUM(J5,IMPRODUCT(K5,$K$1)) -> #REF! | M5: =SQRT(J5^2+K5^2) -> #REF! | N5: =-20*LOG(ABS(M5)) -> #REF! | Q5: =Experiment!A5 -> 1100000 | R5: =((Experiment!D5+50)*(Experiment!D5-50)+(Experiment!E5^2))/((Experiment!D5+50)^2+(Experiment!E5^2)) -> 0.89762004 | S5: =((Experiment!D5+50)*Experiment!E5-Experiment!E5*(Experiment!D5-50))/((Experiment!D5+50)^2+(Experiment!E5^2)) -> -0.0037785884 | T5: =IMSUM(R5,IMPRODUCT(S5,$S$1)) -> 0.897620043645337-0.00377858842939852i | U5: =SQRT(R5^2+S5^2) -> 0.897628 | V5: =-20*LOG(ABS(U5)) -> 0.93807221 | Y5: =Experiment!#REF! -> #REF! | Z5: =((Experiment!#REF!+50)*(Experiment!#REF!-50)+(Experiment!#REF!^2))/((Experiment!#REF!+50)^2+(Experiment!#REF!^2)) -> #REF! | AA5: =((Experiment!#REF!+50)*Experiment!#REF!-Experiment!#REF!*(Experiment!#REF!-50))/((Experiment!#REF!+50)^2+(Experiment!#REF!^2)) -> #REF! | AB5: =IMSUM(Z5,IMPRODUCT(AA5,$AA$1)) -> #REF! | AC5: =SQRT(Z5^2+AA5^2) -> #REF! | AD5: =-20*LOG(ABS(AC5)) -> #REF!
A6: =Experiment!#REF! -> #REF! | B6: =((Experiment!#REF!+50)*(Experiment!#REF!-50)+(Experiment!#REF!^2))/((Experiment!#REF!+50)^2+(Experiment!#REF!^2)) -> #REF! | C6: =((Experiment!#REF!+50)*Experiment!#REF!-Experiment!#REF!*(Experiment!#REF!-50))/((Experiment!#REF!+50)^2+(Experiment!#REF!^2)) -> #REF! | D6: =IMSUM(B6,IMPRODUCT(C6,$C$1)) -> #REF! | E6: =SQRT(B6^2+C6^2) -> #REF! | F6: =-20*LOG(ABS(E6)) -> #REF! | I6: =Experiment!#REF! -> #REF! | J6: =((Experiment!#REF!+50)*(Experiment!#REF!-50)+(Experiment!#REF!^2))/((Experiment!#REF!+50)^2+(Experiment!#REF!^2)) -> #REF! | K6: =((Experiment!#REF!+50)*Experiment!#REF!-Experiment!#REF!*(Experiment!#REF!-50))/((Experiment!#REF!+50)^2+(Experiment!#REF!^2)) -> #REF! | L6: =IMSUM(J6,IMPRODUCT(K6,$K$1)) -> #REF! | M6: =SQRT(J6^2+K6^2) -> #REF! | N6: =-20*LOG(ABS(M6)) -> #REF! | Q6: =Experiment!A6 -> 1100000 | R6: =((Experiment!D6+50)*(Experiment!D6-50)+(Experiment!E6^2))/((Experiment!D6+50)^2+(Experiment!E6^2)) -> 0.89760146 | S6: =((Experiment!D6+50)*Experiment!E6-Experiment!E6*(Experiment!D6-50))/((Experiment!D6+50)^2+(Experiment!E6^2)) -> -0.0036811529 | T6: =IMSUM(R6,IMPRODUCT(S6,$S$1)) -> 0.89760146271891-0.00368115285127677i | U6: =SQRT(R6^2+S6^2) -> 0.89760901 | V6: =-20*LOG(ABS(U6)) -> 0.93825592 | Y6: =Experiment!#REF! -> #REF! | Z6: =((Experiment!#REF!+50)*(Experiment!#REF!-50)+(Experiment!#REF!^2))/((Experiment!#REF!+50)^2+(Experiment!#REF!^2)) -> #REF! | AA6: =((Experiment!#REF!+50)*Experiment!#REF!-Experiment!#REF!*(Experiment!#REF!-50))/((Experiment!#REF!+50)^2+(Experiment!#REF!^2)) -> #REF! | AB6: =IMSUM(Z6,IMPRODUCT(AA6,$AA$1)) -> #REF! | AC6: =SQRT(Z6^2+AA6^2) -> #REF! | AD6: =-20*LOG(ABS(AC6)) -> #REF!
A7: =Experiment!#REF! -> #REF! | B7: =((Experiment!#REF!+50)*(Experiment!#REF!-50)+(Experiment!#REF!^2))/((Experiment!#REF!+50)^2+(Experiment!#REF!^2)) -> #REF! | C7: =((Experiment!#REF!+50)*Experiment!#REF!-Experiment!#REF!*(Experiment!#REF!-50))/((Experiment!#REF!+50)^2+(Experiment!#REF!^2)) -> #REF! | D7: =IMSUM(B7,IMPRODUCT(C7,$C$1)) -> #REF! | E7: =SQRT(B7^2+C7^2) -> #REF! | F7: =-20*LOG(ABS(E7)) -> #REF! | I7: =Experiment!#REF! -> #REF! | J7: =((Experiment!#REF!+50)*(Experiment!#REF!-50)+(Experiment!#REF!^2))/((Experiment!#REF!+50)^2+(Experiment!#REF!^2)) -> #REF! | K7: =((Experiment!#REF!+50)*Experiment!#REF!-Experiment!#REF!*(Experiment!#REF!-50))/((Experiment!#REF!+50)^2+(Experiment!#REF!^2)) -> #REF! | L7: =IMSUM(J7,IMPRODUCT(K7,$K$1)) -> #REF! | M7: =SQRT(J7^2+K7^2) -> #REF! | N7: =-20*LOG(ABS(M7)) -> #REF! | Q7: =Experiment!A7 -> 1200000 | R7: =((Experiment!D7+50)*(Experiment!D7-50)+(Experiment!E7^2))/((Experiment!D7+50)^2+(Experiment!E7^2)) -> 0.89737646 | S7: =((Experiment!D7+50)*Experiment!E7-Experiment!E7*(Experiment!D7-50))/((Experiment!D7+50)^2+(Experiment!E7^2)) -> -0.0040338829 | T7: =IMSUM(R7,IMPRODUCT(S7,$S$1)) -> 0.897376456118491-0.00403388290526663i | U7: =SQRT(R7^2+S7^2) -> 0.89738552 | V7: =-20*LOG(ABS(U7)) -> 0.94041882 | Y7: =Experiment!#REF! -> #REF! | Z7: =((Experiment!#REF!+50)*(Experiment!#REF!-50)+(Experiment!#REF!^2))/((Experiment!#REF!+50)^2+(Experiment!#REF!^2)) -> #REF! | AA7: =((Experiment!#REF!+50)*Experiment!#REF!-Experiment!#REF!*(Experiment!#REF!-50))/((Experiment!#REF!+50)^2+(Experiment!#REF!^2)) -> #REF! | AB7: =IMSUM(Z7,IMPRODUCT(AA7,$AA$1)) -> #REF! | AC7: =SQRT(Z7^2+AA7^2) -> #REF! | AD7: =-20*LOG(ABS(AC7)) -> #REF!
A8: =Experiment!#REF! -> #REF! | B8: =((Experiment!#REF!+50)*(Experiment!#REF!-50)+(Experiment!#REF!^2))/((Experiment!#REF!+50)^2+(Experiment!#REF!^2)) -> #REF! | C8: =((Experiment!#REF!+50)*Experiment!#REF!-Experiment!#REF!*(Experiment!#REF!-50))/((Experiment!#REF!+50)^2+(Experiment!#REF!^2)) -> #REF! | D8: =IMSUM(B8,IMPRODUCT(C8,$C$1)) -> #REF! | E8: =SQRT(B8^2+C8^2) -> #REF! | F8: =-20*LOG(ABS(E8)) -> #REF! | I8: =Experiment!#REF! -> #REF! | J8: =((Experiment!#REF!+50)*(Experiment!#REF!-50)+(Experiment!#REF!^2))/((Experiment!#REF!+50)^2+(Experiment!#REF!^2)) -> #REF! | K8: =((Experiment!#REF!+50)*Experiment!#REF!-Experiment!#REF!*(Experiment!#REF!-50))/((Experiment!#REF!+50)^2+(Experiment!#REF!^2)) -> #REF! | L8: =IMSUM(J8,IMPRODUCT(K8,$K$1)) -> #REF! | M8: =SQRT(J8^2+K8^2) -> #REF! | N8: =-20*LOG(ABS(M8)) -> #REF! | Q8: =Experiment!A8 -> 1200000 | R8: =((Experiment!D8+50)*(Experiment!D8-50)+(Experiment!E8^2))/((Experiment!D8+50)^2+(Experiment!E8^2)) -> 0.89752625 | S8: =((Experiment!D8+50)*Experiment!E8-Experiment!E8*(Experiment!D8-50))/((Experiment!D8+50)^2+(Experiment!E8^2)) -> -0.0040483765 | T8: =IMSUM(R8,IMPRODUCT(S8,$S$1)) -> 0.897526254151713-0.00404837654739711i | U8: =SQRT(R8^2+S8^2) -> 0.89753538 | V8: =-20*LOG(ABS(U8)) -> 0.93896842 | Y8: =Experiment!#REF! -> #REF! | Z8: =((Experiment!#REF!+50)*(Experiment!#REF!-50)+(Experiment!#REF!^2))/((Experiment!#REF!+50)^2+(Experiment!#REF!^2)) -> #REF! | AA8: =((Experiment!#REF!+50)*Experiment!#REF!-Experiment!#REF!*(Experiment!#REF!-50))/((Experiment!#REF!+50)^2+(Experiment!#REF!^2)) -> #REF! | AB8: =IMSUM(Z8,IMPRODUCT(AA8,$AA$1)) -> #REF! | AC8: =SQRT(Z8^2+AA8^2) -> #REF! | AD8: =-20*LOG(ABS(AC8)) -> #REF!
A9: =Experiment!#REF! -> #REF! | B9: =((Experiment!#REF!+50)*(Experiment!#REF!-50)+(Experiment!#REF!^2))/((Experiment!#REF!+50)^2+(Experiment!#REF!^2)) -> #REF! | C9: =((Experiment!#REF!+50)*Experiment!#REF!-Experiment!#REF!*(Experiment!#REF!-50))/((Experiment!#REF!+50)^2+(Experiment!#REF!^2)) -> #REF! | D9: =IMSUM(B9,IMPRODUCT(C9,$C$1)) -> #REF! | E9: =SQRT(B9^2+C9^2) -> #REF! | F9: =-20*LOG(ABS(E9)) -> #REF! | I9: =Experiment!#REF! -> #REF! | J9: =((Experiment!#REF!+50)*(Experiment!#REF!-50)+(Experiment!#REF!^2))/((Experiment!#REF!+50)^2+(Experiment!#REF!^2)) -> #REF! | K9: =((Experiment!#REF!+50)*Experiment!#REF!-Experiment!#REF!*(Experiment!#REF!-50))/((Experiment!#REF!+50)^2+(Experiment!#REF!^2)) -> #REF! | L9: =IMSUM(J9,IMPRODUCT(K9,$K$1)) -> #REF! | M9: =SQRT(J9^2+K9^2) -> #REF! | N9: =-20*LOG(ABS(M9)) -> #REF! | Q9: =Experiment!A9 -> 1300000 | R9: =((Experiment!D9+50)*(Experiment!D9-50)+(Experiment!E9^2))/((Experiment!D9+50)^2+(Experiment!E9^2)) -> 0.89735324 | S9: =((Experiment!D9+50)*Experiment!E9-Experiment!E9*(Experiment!D9-50))/((Experiment!D9+50)^2+(Experiment!E9^2)) -> -0.0043579238 | T9: =IMSUM(R9,IMPRODUCT(S9,$S$1)) -> 0.89735323641142-0.00435792384712572i | U9: =SQRT(R9^2+S9^2) -> 0.89736382 | V9: =-20*LOG(ABS(U9)) -> 0.9406289 | Y9: =Experiment!#REF! -> #REF! | Z9: =((Experiment!#REF!+50)*(Experiment!#REF!-50)+(Experiment!#REF!^2))/((Experiment!#REF!+50)^2+(Experiment!#REF!^2)) -> #REF! | AA9: =((Experiment!#REF!+50)*Experiment!#REF!-Experiment!#REF!*(Experiment!#REF!-50))/((Experiment!#REF!+50)^2+(Experiment!#REF!^2)) -> #REF! | AB9: =IMSUM(Z9,IMPRODUCT(AA9,$AA$1)) -> #REF! | AC9: =SQRT(Z9^2+AA9^2) -> #REF! | AD9: =-20*LOG(ABS(AC9)) -> #REF!
A10: =Experiment!#REF! -> #REF! | B10: =((Experiment!#REF!+50)*(Experiment!#REF!-50)+(Experiment!#REF!^2))/((Experiment!#REF!+50)^2+(Experiment!#REF!^2)) -> #REF! | C10: =((Experiment!#REF!+50)*Experiment!#REF!-Experiment!#REF!*(Experiment!#REF!-50))/((Experiment!#REF!+50)^2+(Experiment!#REF!^2)) -> #REF! | D10: =IMSUM(B10,IMPRODUCT(C10,$C$1)) -> #REF! | E10: =SQRT(B10^2+C10^2) -> #REF! | F10: =-20*LOG(ABS(E10)) -> #REF! | I10: =Experiment!#REF! -> #REF! | J10: =((Experiment!#REF!+50)*(Experiment!#REF!-50)+(Experiment!#REF!^2))/((Experiment!#REF!+50)^2+(Experiment!#REF!^2)) -> #REF! | K10: =((Experiment!#REF!+50)*Experiment!#REF!-Experiment!#REF!*(Experiment!#REF!-50))/((Experiment!#REF!+50)^2+(Experiment!#REF!^2)) -> #REF! | L10: =IMSUM(J10,IMPRODUCT(K10,$K$1)) -> #REF! | M10: =SQRT(J10^2+K10^2) -> #REF! | N10: =-20*LOG(ABS(M10)) -> #REF! | Q10: =Experiment!A10 -> 1300000 | R10: =((Experiment!D10+50)*(Experiment!D10-50)+(Experiment!E10^2))/((Experiment!D10+50)^2+(Experiment!E10^2)) -> 0.89725653 | S10: =((Experiment!D10+50)*Experiment!E10-Experiment!E10*(Experiment!D10-50))/((Experiment!D10+50)^2+(Experiment!E10^2)) -> -0.0043951516 | T10: =IMSUM(R10,IMPRODUCT(S10,$S$1)) -> 0.897256526619439-0.00439515157310889i | U10: =SQRT(R10^2+S10^2) -> 0.89726729 | V10: =-20*LOG(ABS(U10)) -> 0.94156327 | Y10: =Experiment!#REF! -> #REF! | Z10: =((Experiment!#REF!+50)*(Experiment!#REF!-50)+(Experiment!#REF!^2))/((Experiment!#REF!+50)^2+(Experiment!#REF!^2)) -> #REF! | AA10: =((Experiment!#REF!+50)*Experiment!#REF!-Experiment!#REF!*(Experiment!#REF!-50))/((Experiment!#REF!+50)^2+(Experiment!#REF!^2)) -> #REF! | AB10: =IMSUM(Z10,IMPRODUCT(AA10,$AA$1)) -> #REF! | AC10: =SQRT(Z10^2+AA10^2) -> #REF! | AD10: =-20*LOG(ABS(AC10)) -> #REF!
A11: =Experiment!#REF! -> #REF! | B11: =((Experiment!#REF!+50)*(Experiment!#REF!-50)+(Experiment!#REF!^2))/((Experiment!#REF!+50)^2+(Experiment!#REF!^2)) -> #REF! | C11: =((Experiment!#REF!+50)*Experiment!#REF!-Experiment!#REF!*(Experiment!#REF!-50))/((Experiment!#REF!+50)^2+(Experiment!#REF!^2)) -> #REF! | D11: =IMSUM(B11,IMPRODUCT(C11,$C$1)) -> #REF! | E11: =SQRT(B11^2+C11^2) -> #REF! | F11: =-20*LOG(ABS(E11)) -> #REF! | I11: =Experiment!#REF! -> #REF! | J11: =((Experiment!#REF!+50)*(Experiment!#REF!-50)+(Experiment!#REF!^2))/((Experiment!#REF!+50)^2+(Experiment!#REF!^2)) -> #REF! | K11: =((Experiment!#REF!+50)*Experiment!#REF!-Experiment!#REF!*(Experiment!#REF!-50))/((Experiment!#REF!+50)^2+(Experiment!#REF!^2)) -> #REF! | L11: =IMSUM(J11,IMPRODUCT(K11,$K$1)) -> #REF! | M11: =SQRT(J11^2+K11^2) -> #REF! | N11: =-20*LOG(ABS(M11)) -> #REF! | Q11: =Experiment!A11 -> 1400000 | R11: =((Experiment!D11+50)*(Experiment!D11-50)+(Experiment!E11^2))/((Experiment!D11+50)^2+(Experiment!E11^2)) -> 0.89725743 | S11: =((Experiment!D11+50)*Experiment!E11-Experiment!E11*(Experiment!D11-50))/((Experiment!D11+50)^2+(Experiment!E11^2)) -> -0.0046753983 | T11: =IMSUM(R11,IMPRODUCT(S11,$S$1)) -> 0.897257425602981-0.00467539827300247i | U11: =SQRT(R11^2+S11^2) -> 0.89726961 | V11: =-20*LOG(ABS(U11)) -> 0.94154086 | Y11: =Experiment!#REF! -> #REF! | Z11: =((Experiment!#REF!+50)*(Experiment!#REF!-50)+(Experiment!#REF!^2))/((Experiment!#REF!+50)^2+(Experiment!#REF!^2)) -> #REF! | AA11: =((Experiment!#REF!+50)*Experiment!#REF!-Experiment!#REF!*(Experiment!#REF!-50))/((Experiment!#REF!+50)^2+(Experiment!#REF!^2)) -> #REF! | AB11: =IMSUM(Z11,IMPRODUCT(AA11,$AA$1)) -> #REF! | AC11: =SQRT(Z11^2+AA11^2) -> #REF! | AD11: =-20*LOG(ABS(AC11)) -> #REF!
A12: =Experiment!#REF! -> #REF! | B12: =((Experiment!#REF!+50)*(Experiment!#REF!-50)+(Experiment!#REF!^2))/((Experiment!#REF!+50)^2+(Experiment!#REF!^2)) -> #REF! | C12: =((Experiment!#REF!+50)*Experiment!#REF!-Experiment!#REF!*(Experiment!#REF!-50))/((Experiment!#REF!+50)^2+(Experiment!#REF!^2)) -> #REF! | D12: =IMSUM(B12,IMPRODUCT(C12,$C$1)) -> #REF! | E12: =SQRT(B12^2+C12^2) -> #REF! | F12: =-20*LOG(ABS(E12)) -> #REF! | I12: =Experiment!#REF! -> #REF! | J12: =((Experiment!#REF!+50)*(Experiment!#REF!-50)+(Experiment!#REF!^2))/((Experiment!#REF!+50)^2+(Experiment!#REF!^2)) -> #REF! | K12: =((Experiment!#REF!+50)*Experiment!#REF!-Experiment!#REF!*(Experiment!#REF!-50))/((Experiment!#REF!+50)^2+(Experiment!#REF!^2)) -> #REF! | L12: =IMSUM(J12,IMPRODUCT(K12,$K$1)) -> #REF! | M12: =SQRT(J12^2+K12^2) -> #REF! | N12: =-20*LOG(ABS(M12)) -> #REF! | Q12: =Experiment!A12 -> 1400000 | R12: =((Experiment!D12+50)*(Experiment!D12-50)+(Experiment!E12^2))/((Experiment!D12+50)^2+(Experiment!E12^2)) -> 0.89733995 | S12: =((Experiment!D12+50)*Experiment!E12-Experiment!E12*(Experiment!D12-50))/((Experiment!D12+50)^2+(Experiment!E12^2)) -> -0.0046434529 | T12: =IMSUM(R12,IMPRODUCT(S12,$S$1)) -> 0.897339954572195-0.00464345293841513i | U12: =SQRT(R12^2+S12^2) -> 0.89735197 | V12: =-20*LOG(ABS(U12)) -> 0.9407436 | Y12: =Experiment!#REF! -> #REF! | Z12: =((Experiment!#REF!+50)*(Experiment!#REF!-50)+(Experiment!#REF!^2))/((Experiment!#REF!+50)^2+(Experiment!#REF!^2)) -> #REF! | AA12: =((Experiment!#REF!+50)*Experiment!#REF!-Experiment!#REF!*(Experiment!#REF!-50))/((Experiment!#REF!+50)^2+(Experiment!#REF!^2)) -> #REF! | AB12: =IMSUM(Z12,IMPRODUCT(AA12,$AA$1)) -> #REF! | AC12: =SQRT(Z12^2+AA12^2) -> #REF! | AD12: =-20*LOG(ABS(AC12)) -> #REF!
A13: =Experiment!#REF! -> #REF! | B13: =((Experiment!#REF!+50)*(Experiment!#REF!-50)+(Experiment!#REF!^2))/((Experiment!#REF!+50)^2+(Experiment!#REF!^2)) -> #REF! | C13: =((Experiment!#REF!+50)*Experiment!#REF!-Experiment!#REF!*(Experiment!#REF!-50))/((Experiment!#REF!+50)^2+(Experiment!#REF!^2)) -> #REF! | D13: =IMSUM(B13,IMPRODUCT(C13,$C$1)) -> #REF! | E13: =SQRT(B13^2+C13^2) -> #REF! | F13: =-20*LOG(ABS(E13)) -> #REF! | I13: =Experiment!#REF! -> #REF! | J13: =((Experiment!#REF!+50)*(Experiment!#REF!-50)+(Experiment!#REF!^2))/((Experiment!#REF!+50)^2+(Experiment!#REF!^2)) -> #REF! | K13: =((Experiment!#REF!+50)*Experiment!#REF!-Experiment!#REF!*(Experiment!#REF!-50))/((Experiment!#REF!+50)^2+(Experiment!#REF!^2)) -> #REF! | L13: =IMSUM(J13,IMPRODUCT(K13,$K$1)) -> #REF! | M13: =SQRT(J13^2+K13^2) -> #REF! | N13: =-20*LOG(ABS(M13)) -> #REF! | Q13: =Experiment!A13 -> 1500000 | R13: =((Experiment!D13+50)*(Experiment!D13-50)+(Experiment!E13^2))/((Experiment!D13+50)^2+(Experiment!E13^2)) -> 0.89738655 | S13: =((Experiment!D13+50)*Experiment!E13-Experiment!E13*(Experiment!D13-50))/((Experiment!D13+50)^2+(Experiment!E13^2)) -> -0.0050495095 | T13: =IMSUM(R13,IMPRODUCT(S13,$S$1)) -> 0.89738655412455-0.00504950949193092i | U13: =SQRT(R13^2+S13^2) -> 0.89740076 | V13: =-20*LOG(ABS(U13)) -> 0.94027133 | Y13: =Experiment!#REF! -> #REF! | Z13: =((Experiment!#REF!+50)*(Experiment!#REF!-50)+(Experiment!#REF!^2))/((Experiment!#REF!+50)^2+(Experiment!#REF!^2)) -> #REF! | AA13: =((Experiment!#REF!+50)*Experiment!#REF!-Experiment!#REF!*(Experiment!#REF!-50))/((Experiment!#REF!+50)^2+(Experiment!#REF!^2)) -> #REF! | AB13: =IMSUM(Z13,IMPRODUCT(AA13,$AA$1)) -> #REF! | AC13: =SQRT(Z13^2+AA13^2) -> #REF! | AD13: =-20*LOG(ABS(AC13)) -> #REF!
A14: =Experiment!#REF! -> #REF! | B14: =((Experiment!#REF!+50)*(Experiment!#REF!-50)+(Experiment!#REF!^2))/((Experiment!#REF!+50)^2+(Experiment!#REF!^2)) -> #REF! | C14: =((Experiment!#REF!+50)*Experiment!#REF!-Experiment!#REF!*(Experiment!#REF!-50))/((Experiment!#REF!+50)^2+(Experiment!#REF!^2)) -> #REF! | D14: =IMSUM(B14,IMPRODUCT(C14,$C$1)) -> #REF! | E14: =SQRT(B14^2+C14^2) -> #REF! | F14: =-20*LOG(ABS(E14)) -> #REF! | I14: =Experiment!#REF! -> #REF! | J14: =((Experiment!#REF!+50)*(Experiment!#REF!-50)+(Experiment!#REF!^2))/((Experiment!#REF!+50)^2+(Experiment!#REF!^2)) -> #REF! | K14: =((Experiment!#REF!+50)*Experiment!#REF!-Experiment!#REF!*(Experiment!#REF!-50))/((Experiment!#REF!+50)^2+(Experiment!#REF!^2)) -> #REF! | L14: =IMSUM(J14,IMPRODUCT(K14,$K$1)) -> #REF! | M14: =SQRT(J14^2+K14^2) -> #REF! | N14: =-20*LOG(ABS(M14)) -> #REF! | Q14: =Experiment!A14 -> 1600000 | R14: =((Experiment!D14+50)*(Experiment!D14-50)+(Experiment!E14^2))/((Experiment!D14+50)^2+(Experiment!E14^2)) -> 0.89742771 | S14: =((Experiment!D14+50)*Experiment!E14-Experiment!E14*(Experiment!D14-50))/((Experiment!D14+50)^2+(Experiment!E14^2)) -> -0.0053642508 | T14: =IMSUM(R14,IMPRODUCT(S14,$S$1)) -> 0.897427706755917-0.00536425084868388i | U14: =SQRT(R14^2+S14^2) -> 0.89744374 | V14: =-20*LOG(ABS(U14)) -> 0.93985536 | Y14: =Experiment!#REF! -> #REF! | Z14: =((Experiment!#REF!+50)*(Experiment!#REF!-50)+(Experiment!#REF!^2))/((Experiment!#REF!+50)^2+(Experiment!#REF!^2)) -> #REF! | AA14: =((Experiment!#REF!+50)*Experiment!#REF!-Experiment!#REF!*(Experiment!#REF!-50))/((Experiment!#REF!+50)^2+(Experiment!#REF!^2)) -> #REF! | AB14: =IMSUM(Z14,IMPRODUCT(AA14,$AA$1)) -> #REF! | AC14: =SQRT(Z14^2+AA14^2) -> #REF! | AD14: =-20*LOG(ABS(AC14)) -> #REF!
... A202: =Experiment!#REF! -> #REF! | B202: =((Experiment!#REF!+50)*(Experiment!#REF!-50)+(Experiment!#REF!^2))/((Experiment!#REF!+50)^2+(Experiment!#REF!^2)) -> #REF! | C202: =((Experiment!#REF!+50)*Experiment!#REF!-Experiment!#REF!*(Experiment!#REF!-50))/((Experiment!#REF!+50)^2+(Experiment!#REF!^2)) -> #REF! | D202: =IMSUM(B202,IMPRODUCT(C202,$C$1)) -> #REF! | E202: =SQRT(B202^2+C202^2) -> #REF! | F202: =-20*LOG(ABS(E202)) -> #REF! | I202: =Experiment!#REF! -> #REF! | J202: =((Experiment!#REF!+50)*(Experiment!#REF!-50)+(Experiment!#REF!^2))/((Experiment!#REF!+50)^2+(Experiment!#REF!^2)) -> #REF! | K202: =((Experiment!#REF!+50)*Experiment!#REF!-Experiment!#REF!*(Experiment!#REF!-50))/((Experiment!#REF!+50)^2+(Experiment!#REF!^2)) -> #REF! | L202: =IMSUM(J202,IMPRODUCT(K202,$K$1)) -> #REF! | M202: =SQRT(J202^2+K202^2) -> #REF! | N202: =-20*LOG(ABS(M202)) -> #REF! | Q202: =Experiment!A202 -> 3000000000 | R202: =((Experiment!D202+50)*(Experiment!D202-50)+(Experiment!E202^2))/((Experiment!D202+50)^2+(Experiment!E202^2)) -> 0.6086674 | S202: =((Experiment!D202+50)*Experiment!E202-Experiment!E202*(Experiment!D202-50))/((Experiment!D202+50)^2+(Experiment!E202^2)) -> -0.71840844 | T202: =IMSUM(R202,IMPRODUCT(S202,$S$1)) -> 0.608667404326443-0.718408443305387i | U202: =SQRT(R202^2+S202^2) -> 0.94158733 | V202: =-20*LOG(ABS(U202)) -> 0.52278788 | Y202: =Experiment!#REF! -> #REF! | Z202: =((Experiment!#REF!+50)*(Experiment!#REF!-50)+(Experiment!#REF!^2))/((Experiment!#REF!+50)^2+(Experiment!#REF!^2)) -> #REF! | AA202: =((Experiment!#REF!+50)*Experiment!#REF!-Experiment!#REF!*(Experiment!#REF!-50))/((Experiment!#REF!+50)^2+(Experiment!#REF!^2)) -> #REF! | AB202: =IMSUM(Z202,IMPRODUCT(AA202,$AA$1)) -> #REF! | AC202: =SQRT(Z202^2+AA202^2) -> #REF! | AD202: =-20*LOG(ABS(AC202)) -> #REF!

Sheet Permitivity
A1: 0.1 | B1: =Experiment!#REF! -> #REF! | C1: 25 | D1: =5.77-0.0274*C1 -> 5.085 | E1: =(10^(1.94404-C1*0.001991))*(1-0.0003742*C1*A1+0.034*(A1^2)-0.178*A1+C1*0.0001515-0.000004929*(C1^2)) -> 77.004157 | F1: =(0.000000000000003745*(1+(0.00007)*(C1-27.5)^2)*EXP(2295.7/(C1+273.15)))*(1.012-C1*A1*0.005282+0.032*(A1^2)-0.01*A1-C1*0.001724+0.00003766*(C1^2)) -> 8.094934e-12 | G1: =-0.0006348*C1*A1-0.051*(A1^2)+0.09*A1 -> 0.006903 | H1: =0.174*C1*A1-1.582*(A1^2)+5.923*A1 -> 1.01148 | I1: Unit | J1: 0+1i | L1: =Reflection!I1 -> #REF! | M1: Unit | N1: 0+1i | T1: 0.011 | U1: =Reflection!Q1 -> NaCl 0.01mol/L | V1: 25 | W1: =5.77-0.0274*V1 -> 5.085 | X1: =(10^(1.94404-V1*0.001991))*(1-0.0003742*V1*T1+0.034*(T1^2)-0.178*T1+V1*0.0001515-0.000004929*(V1^2)) -> 78.284962 | Y1: =(0.000000000000003745*(1+(0.00007)*(V1-27.5)^2)*EXP(2295.7/(V1+273.15)))*(1.012-V1*T1*0.005282+0.032*(T1^2)-0.01*T1-V1*0.001724+0.00003766*(V1^2)) -> 8.1969017e-12 | Z1: =-0.0006348*V1*T1-0.051*(T1^2)+0.09*T1 -> 0.000809259 | AA1: =0.174*V1*T1-1.582*(T1^2)+5.923*T1 -> 0.11281158 | AB1: Unit | AC1: 0+1i | AE1: =Reflection!Y1 -> #REF! | AF1: Unit | AG1: 0+1i
B2: Frequency[Hz] | D2: conductivity | E2: permittivity RE | F2: permittivity IM | G2: conductivity RE | H2: conductivity IM | L2: Frequency[Hz] | M2: permittivity | N2: conductivity | O2: permittivity RE | P2: permittivity IM | Q2: conductivity RE | R2: conductivity IM | U2: Frequency[Hz] | W2: conductivity | X2: permittivity RE | Y2: permittivity IM | Z2: conductivity RE | AA2: conductivity IM | AE2: Frequency[Hz] | AF2: E | AG2: permittivity | AH2: conductivity | AI2: permittivity RE | AJ2: permittivity IM | AK2: conductivity RE | AL2: conductivity IM
B3: =Experiment!#REF! -> #REF! | C3: =IMSUM($D$1,IMDIV(($E$1-$D$1),IMSUM(IMPOWER(IMPRODUCT($J$1,2*PI()*B3*$F$1),(1-$G$1)),1)),IMDIV($H$1,IMPRODUCT($J$1,2*PI()*B3*0.000000000008854))) -> #REF! | D3: =IMPRODUCT(C3,$J$1,2*PI()*B3*0.0000000000088542) -> #REF! | E3: =IMREAL(C3) -> #REF! | F3: =-IMAGINARY(C3) -> #REF! | G3: =IMREAL(D3) -> #REF! | H3: =IMAGINARY(D3) -> #REF! | L3: =Reflection!I3 -> #REF! | M3: =IMSUM(2.6,IMDIV(19.94,IMSUM(1,IMPOWER(IMPRODUCT($N$1,2*PI()*L3,0.0000000001649),1))),IMDIV(0.74,IMSUM(1,IMPRODUCT($N$1,2*PI()*L3*0.0000000000104))),IMDIV(1.19,IMSUM(1,IMPRODUCT($N$1,2*PI()*L3*0.00000000000169)))) -> #REF! | N3: =IMPRODUCT(M3,$N$1,2*PI()*L3*0.0000000000088542) -> #REF! | O3: =IMREAL(M3) -> #REF! | P3: =-IMAGINARY(M3) -> #REF! | Q3: =IMREAL(N3) -> #REF! | R3: =IMAGINARY(N3) -> #REF! | U3: =Reflection!Q3 -> 1000000 | V3: =IMSUM($W$1,IMDIV(($X$1-$W$1),IMSUM(IMPOWER(IMPRODUCT($AC$1,2*PI()*U3*$Y$1),(1-$Z$1)),1)),IMDIV($AA$1,IMPRODUCT($AC$1,2*PI()*U3*0.000000000008854))) -> 78.2849565699642-2027.84661440751i | W3: =IMPRODUCT(V3,$N$1,2*PI()*U3*0.0000000000088542) -> 0.112814337679225+0.00435519405804163i | X3: =IMREAL(V3) -> 78.284957 | Y3: =-IMAGINARY(V3) -> 2027.8466 | Z3: =IMREAL(W3) -> 0.11281434 | AA3: =IMAGINARY(W3) -> 0.0043551941 | AE3: =Reflection!Y3 -> #REF! | AF3: =IMDIV(IMPRODUCT(IMSUB(C3,V3),IMSUB(Reflection!AB3,Reflection!D3),IMSUB(Reflection!L3,Reflection!T3)),IMPRODUCT(IMSUB(Permitivity!M3,Permitivity!V3),IMSUB(Reflection!AB3,Reflection!L3),IMSUB(Reflection!D3,Reflection!T3))) -> #REF! | AG3: =IMDIV(IMSUB(C3,IMPRODUCT(AF3,M3)),IMSUB(1,AF3)) -> #REF! | AH3: =IMPRODUCT(IMPRODUCT(AG3,$AG$1),2*PI()*AE3*0.0000000000088542) -> #REF! | AI3: =IMREAL(AG3) -> #REF! | AJ3: =-IMAGINARY(AG3) -> #REF! | AK3: =IMREAL(AH3) -> #REF! | AL3: =IMAGINARY(AH3) -> #REF!
B4: =Experiment!#REF! -> #REF! | C4: =IMSUM($D$1,IMDIV(($E$1-$D$1),IMSUM(IMPOWER(IMPRODUCT($J$1,2*PI()*B4*$F$1),(1-$G$1)),1)),IMDIV($H$1,IMPRODUCT($J$1,2*PI()*B4*0.000000000008854))) -> #REF! | D4: =IMPRODUCT(C4,$J$1,2*PI()*B4*0.0000000000088542) -> #REF! | E4: =IMREAL(C4) -> #REF! | F4: =-IMAGINARY(C4) -> #REF! | G4: =IMREAL(D4) -> #REF! | H4: =IMAGINARY(D4) -> #REF! | L4: =Reflection!I4 -> #REF! | M4: =IMSUM(2.6,IMDIV(19.94,IMSUM(1,IMPOWER(IMPRODUCT($N$1,2*PI()*L4,0.0000000001649),1))),IMDIV(0.74,IMSUM(1,IMPRODUCT($N$1,2*PI()*L4*0.0000000000104))),IMDIV(1.19,IMSUM(1,IMPRODUCT($N$1,2*PI()*L4*0.00000000000169)))) -> #REF! | N4: =IMPRODUCT(M4,$N$1,2*PI()*L4*0.0000000000088542) -> #REF! | O4: =IMREAL(M4) -> #REF! | P4: =-IMAGINARY(M4) -> #REF! | Q4: =IMREAL(N4) -> #REF! | R4: =IMAGINARY(N4) -> #REF! | U4: =Reflection!Q4 -> 1000000 | V4: =IMSUM($W$1,IMDIV(($X$1-$W$1),IMSUM(IMPOWER(IMPRODUCT($AC$1,2*PI()*U4*$Y$1),(1-$Z$1)),1)),IMDIV($AA$1,IMPRODUCT($AC$1,2*PI()*U4*0.000000000008854))) -> 78.2849565699642-2027.84661440751i | W4: =IMPRODUCT(V4,$N$1,2*PI()*U4*0.0000000000088542) -> 0.112814337679225+0.00435519405804163i | X4: =IMREAL(V4) -> 78.284957 | Y4: =-IMAGINARY(V4) -> 2027.8466 | Z4: =IMREAL(W4) -> 0.11281434 | AA4: =IMAGINARY(W4) -> 0.0043551941 | AE4: =Reflection!Y4 -> #REF! | AF4: =IMDIV(IMPRODUCT(IMSUB(C4,V4),IMSUB(Reflection!AB4,Reflection!D4),IMSUB(Reflection!L4,Reflection!T4)),IMPRODUCT(IMSUB(Permitivity!M4,Permitivity!V4),IMSUB(Reflection!AB4,Reflection!L4),IMSUB(Reflection!D4,Reflection!T4))) -> #REF! | AG4: =IMDIV(IMSUB(C4,IMPRODUCT(AF4,M4)),IMSUB(1,AF4)) -> #REF! | AH4: =IMPRODUCT(IMPRODUCT(AG4,$AG$1),2*PI()*AE4*0.0000000000088542) -> #REF! | AI4: =IMREAL(AG4) -> #REF! | AJ4: =-IMAGINARY(AG4) -> #REF! | AK4: =IMREAL(AH4) -> #REF! | AL4: =IMAGINARY(AH4) -> #REF!
B5: =Experiment!#REF! -> #REF! | C5: =IMSUM($D$1,IMDIV(($E$1-$D$1),IMSUM(IMPOWER(IMPRODUCT($J$1,2*PI()*B5*$F$1),(1-$G$1)),1)),IMDIV($H$1,IMPRODUCT($J$1,2*PI()*B5*0.000000000008854))) -> #REF! | D5: =IMPRODUCT(C5,$J$1,2*PI()*B5*0.0000000000088542) -> #REF! | E5: =IMREAL(C5) -> #REF! | F5: =-IMAGINARY(C5) -> #REF! | G5: =IMREAL(D5) -> #REF! | H5: =IMAGINARY(D5) -> #REF! | L5: =Reflection!I5 -> #REF! | M5: =IMSUM(2.6,IMDIV(19.94,IMSUM(1,IMPOWER(IMPRODUCT($N$1,2*PI()*L5,0.0000000001649),1))),IMDIV(0.74,IMSUM(1,IMPRODUCT($N$1,2*PI()*L5*0.0000000000104))),IMDIV(1.19,IMSUM(1,IMPRODUCT($N$1,2*PI()*L5*0.00000000000169)))) -> #REF! | N5: =IMPRODUCT(M5,$N$1,2*PI()*L5*0.0000000000088542) -> #REF! | O5: =IMREAL(M5) -> #REF! | P5: =-IMAGINARY(M5) -> #REF! | Q5: =IMREAL(N5) -> #REF! | R5: =IMAGINARY(N5) -> #REF! | U5: =Reflection!Q5 -> 1100000 | V5: =IMSUM($W$1,IMDIV(($X$1-$W$1),IMSUM(IMPOWER(IMPRODUCT($AC$1,2*PI()*U5*$Y$1),(1-$Z$1)),1)),IMDIV($AA$1,IMPRODUCT($AC$1,2*PI()*U5*0.000000000008854))) -> 78.284956045901-1843.49764736529i | W5: =IMPRODUCT(V5,$N$1,2*PI()*U5*0.0000000000088542) -> 0.112814382057017+0.00479071343177531i | X5: =IMREAL(V5) -> 78.284956 | Y5: =-IMAGINARY(V5) -> 1843.4976 | Z5: =IMREAL(W5) -> 0.11281438 | AA5: =IMAGINARY(W5) -> 0.0047907134 | AE5: =Reflection!Y5 -> #REF! | AF5: =IMDIV(IMPRODUCT(IMSUB(C5,V5),IMSUB(Reflection!AB5,Reflection!D5),IMSUB(Reflection!L5,Reflection!T5)),IMPRODUCT(IMSUB(Permitivity!M5,Permitivity!V5),IMSUB(Reflection!AB5,Reflection!L5),IMSUB(Reflection!D5,Reflection!T5))) -> #REF! | AG5: =IMDIV(IMSUB(C5,IMPRODUCT(AF5,M5)),IMSUB(1,AF5)) -> #REF! | AH5: =IMPRODUCT(IMPRODUCT(AG5,$AG$1),2*PI()*AE5*0.0000000000088542) -> #REF! | AI5: =IMREAL(AG5) -> #REF! | AJ5: =-IMAGINARY(AG5) -> #REF! | AK5: =IMREAL(AH5) -> #REF! | AL5: =IMAGINARY(AH5) -> #REF!
B6: =Experiment!#REF! -> #REF! | C6: =IMSUM($D$1,IMDIV(($E$1-$D$1),IMSUM(IMPOWER(IMPRODUCT($J$1,2*PI()*B6*$F$1),(1-$G$1)),1)),IMDIV($H$1,IMPRODUCT($J$1,2*PI()*B6*0.000000000008854))) -> #REF! | D6: =IMPRODUCT(C6,$J$1,2*PI()*B6*0.0000000000088542) -> #REF! | E6: =IMREAL(C6) -> #REF! | F6: =-IMAGINARY(C6) -> #REF! | G6: =IMREAL(D6) -> #REF! | H6: =IMAGINARY(D6) -> #REF! | L6: =Reflection!I6 -> #REF! | M6: =IMSUM(2.6,IMDIV(19.94,IMSUM(1,IMPOWER(IMPRODUCT($N$1,2*PI()*L6,0.0000000001649),1))),IMDIV(0.74,IMSUM(1,IMPRODUCT($N$1,2*PI()*L6*0.0000000000104))),IMDIV(1.19,IMSUM(1,IMPRODUCT($N$1,2*PI()*L6*0.00000000000169)))) -> #REF! | N6: =IMPRODUCT(M6,$N$1,2*PI()*L6*0.0000000000088542) -> #REF! | O6: =IMREAL(M6) -> #REF! | P6: =-IMAGINARY(M6) -> #REF! | Q6: =IMREAL(N6) -> #REF! | R6: =IMAGINARY(N6) -> #REF! | U6: =Reflection!Q6 -> 1100000 | V6: =IMSUM($W$1,IMDIV(($X$1-$W$1),IMSUM(IMPOWER(IMPRODUCT($AC$1,2*PI()*U6*$Y$1),(1-$Z$1)),1)),IMDIV($AA$1,IMPRODUCT($AC$1,2*PI()*U6*0.000000000008854))) -> 78.284956045901-1843.49764736529i | W6: =IMPRODUCT(V6,$N$1,2*PI()*U6*0.0000000000088542) -> 0.112814382057017+0.00479071343177531i | X6: =IMREAL(V6) -> 78.284956 | Y6: =-IMAGINARY(V6) -> 1843.4976 | Z6: =IMREAL(W6) -> 0.11281438 | AA6: =IMAGINARY(W6) -> 0.0047907134 | AE6: =Reflection!Y6 -> #REF! | AF6: =IMDIV(IMPRODUCT(IMSUB(C6,V6),IMSUB(Reflection!AB6,Reflection!D6),IMSUB(Reflection!L6,Reflection!T6)),IMPRODUCT(IMSUB(Permitivity!M6,Permitivity!V6),IMSUB(Reflection!AB6,Reflection!L6),IMSUB(Reflection!D6,Reflection!T6))) -> #REF! | AG6: =IMDIV(IMSUB(C6,IMPRODUCT(AF6,M6)),IMSUB(1,AF6)) -> #REF! | AH6: =IMPRODUCT(IMPRODUCT(AG6,$AG$1),2*PI()*AE6*0.0000000000088542) -> #REF! | AI6: =IMREAL(AG6) -> #REF! | AJ6: =-IMAGINARY(AG6) -> #REF! | AK6: =IMREAL(AH6) -> #REF! | AL6: =IMAGINARY(AH6) -> #REF!
B7: =Experiment!#REF! -> #REF! | C7: =IMSUM($D$1,IMDIV(($E$1-$D$1),IMSUM(IMPOWER(IMPRODUCT($J$1,2*PI()*B7*$F$1),(1-$G$1)),1)),IMDIV($H$1,IMPRODUCT($J$1,2*PI()*B7*0.000000000008854))) -> #REF! | D7: =IMPRODUCT(C7,$J$1,2*PI()*B7*0.0000000000088542) -> #REF! | E7: =IMREAL(C7) -> #REF! | F7: =-IMAGINARY(C7) -> #REF! | G7: =IMREAL(D7) -> #REF! | H7: =IMAGINARY(D7) -> #REF! | L7: =Reflection!I7 -> #REF! | M7: =IMSUM(2.6,IMDIV(19.94,IMSUM(1,IMPOWER(IMPRODUCT($N$1,2*PI()*L7,0.0000000001649),1))),IMDIV(0.74,IMSUM(1,IMPRODUCT($N$1,2*PI()*L7*0.0000000000104))),IMDIV(1.19,IMSUM(1,IMPRODUCT($N$1,2*PI()*L7*0.00000000000169)))) -> #REF! | N7: =IMPRODUCT(M7,$N$1,2*PI()*L7*0.0000000000088542) -> #REF! | O7: =IMREAL(M7) -> #REF! | P7: =-IMAGINARY(M7) -> #REF! | Q7: =IMREAL(N7) -> #REF! | R7: =IMAGINARY(N7) -> #REF! | U7: =Reflection!Q7 -> 1200000 | V7: =IMSUM($W$1,IMDIV(($X$1-$W$1),IMSUM(IMPOWER(IMPRODUCT($AC$1,2*PI()*U7*$Y$1),(1-$Z$1)),1)),IMDIV($AA$1,IMPRODUCT($AC$1,2*PI()*U7*0.000000000008854))) -> 78.2849555179372-1689.87357141895i | W7: =IMPRODUCT(V7,$N$1,2*PI()*U7*0.0000000000088542) -> 0.11281443065769+0.00522623279941759i | X7: =IMREAL(V7) -> 78.284956 | Y7: =-IMAGINARY(V7) -> 1689.8736 | Z7: =IMREAL(W7) -> 0.11281443 | AA7: =IMAGINARY(W7) -> 0.0052262328 | AE7: =Reflection!Y7 -> #REF! | AF7: =IMDIV(IMPRODUCT(IMSUB(C7,V7),IMSUB(Reflection!AB7,Reflection!D7),IMSUB(Reflection!L7,Reflection!T7)),IMPRODUCT(IMSUB(Permitivity!M7,Permitivity!V7),IMSUB(Reflection!AB7,Reflection!L7),IMSUB(Reflection!D7,Reflection!T7))) -> #REF! | AG7: =IMDIV(IMSUB(C7,IMPRODUCT(AF7,M7)),IMSUB(1,AF7)) -> #REF! | AH7: =IMPRODUCT(IMPRODUCT(AG7,$AG$1),2*PI()*AE7*0.0000000000088542) -> #REF! | AI7: =IMREAL(AG7) -> #REF! | AJ7: =-IMAGINARY(AG7) -> #REF! | AK7: =IMREAL(AH7) -> #REF! | AL7: =IMAGINARY(AH7) -> #REF!
B8: =Experiment!#REF! -> #REF! | C8: =IMSUM($D$1,IMDIV(($E$1-$D$1),IMSUM(IMPOWER(IMPRODUCT($J$1,2*PI()*B8*$F$1),(1-$G$1)),1)),IMDIV($H$1,IMPRODUCT($J$1,2*PI()*B8*0.000000000008854))) -> #REF! | D8: =IMPRODUCT(C8,$J$1,2*PI()*B8*0.0000000000088542) -> #REF! | E8: =IMREAL(C8) -> #REF! | F8: =-IMAGINARY(C8) -> #REF! | G8: =IMREAL(D8) -> #REF! | H8: =IMAGINARY(D8) -> #REF! | L8: =Reflection!I8 -> #REF! | M8: =IMSUM(2.6,IMDIV(19.94,IMSUM(1,IMPOWER(IMPRODUCT($N$1,2*PI()*L8,0.0000000001649),1))),IMDIV(0.74,IMSUM(1,IMPRODUCT($N$1,2*PI()*L8*0.0000000000104))),IMDIV(1.19,IMSUM(1,IMPRODUCT($N$1,2*PI()*L8*0.00000000000169)))) -> #REF! | N8: =IMPRODUCT(M8,$N$1,2*PI()*L8*0.0000000000088542) -> #REF! | O8: =IMREAL(M8) -> #REF! | P8: =-IMAGINARY(M8) -> #REF! | Q8: =IMREAL(N8) -> #REF! | R8: =IMAGINARY(N8) -> #REF! | U8: =Reflection!Q8 -> 1200000 | V8: =IMSUM($W$1,IMDIV(($X$1-$W$1),IMSUM(IMPOWER(IMPRODUCT($AC$1,2*PI()*U8*$Y$1),(1-$Z$1)),1)),IMDIV($AA$1,IMPRODUCT($AC$1,2*PI()*U8*0.000000000008854))) -> 78.2849555179372-1689.87357141895i | W8: =IMPRODUCT(V8,$N$1,2*PI()*U8*0.0000000000088542) -> 0.11281443065769+0.00522623279941759i | X8: =IMREAL(V8) -> 78.284956 | Y8: =-IMAGINARY(V8) -> 1689.8736 | Z8: =IMREAL(W8) -> 0.11281443 | AA8: =IMAGINARY(W8) -> 0.0052262328 | AE8: =Reflection!Y8 -> #REF! | AF8: =IMDIV(IMPRODUCT(IMSUB(C8,V8),IMSUB(Reflection!AB8,Reflection!D8),IMSUB(Reflection!L8,Reflection!T8)),IMPRODUCT(IMSUB(Permitivity!M8,Permitivity!V8),IMSUB(Reflection!AB8,Reflection!L8),IMSUB(Reflection!D8,Reflection!T8))) -> #REF! | AG8: =IMDIV(IMSUB(C8,IMPRODUCT(AF8,M8)),IMSUB(1,AF8)) -> #REF! | AH8: =IMPRODUCT(IMPRODUCT(AG8,$AG$1),2*PI()*AE8*0.0000000000088542) -> #REF! | AI8: =IMREAL(AG8) -> #REF! | AJ8: =-IMAGINARY(AG8) -> #REF! | AK8: =IMREAL(AH8) -> #REF! | AL8: =IMAGINARY(AH8) -> #REF!
B9: =Experiment!#REF! -> #REF! | C9: =IMSUM($D$1,IMDIV(($E$1-$D$1),IMSUM(IMPOWER(IMPRODUCT($J$1,2*PI()*B9*$F$1),(1-$G$1)),1)),IMDIV($H$1,IMPRODUCT($J$1,2*PI()*B9*0.000000000008854))) -> #REF! | D9: =IMPRODUCT(C9,$J$1,2*PI()*B9*0.0000000000088542) -> #REF! | E9: =IMREAL(C9) -> #REF! | F9: =-IMAGINARY(C9) -> #REF! | G9: =IMREAL(D9) -> #REF! | H9: =IMAGINARY(D9) -> #REF! | L9: =Reflection!I9 -> #REF! | M9: =IMSUM(2.6,IMDIV(19.94,IMSUM(1,IMPOWER(IMPRODUCT($N$1,2*PI()*L9,0.0000000001649),1))),IMDIV(0.74,IMSUM(1,IMPRODUCT($N$1,2*PI()*L9*0.0000000000104))),IMDIV(1.19,IMSUM(1,IMPRODUCT($N$1,2*PI()*L9*0.00000000000169)))) -> #REF! | N9: =IMPRODUCT(M9,$N$1,2*PI()*L9*0.0000000000088542) -> #REF! | O9: =IMREAL(M9) -> #REF! | P9: =-IMAGINARY(M9) -> #REF! | Q9: =IMREAL(N9) -> #REF! | R9: =IMAGINARY(N9) -> #REF! | U9: =Reflection!Q9 -> 1300000 | V9: =IMSUM($W$1,IMDIV(($X$1-$W$1),IMSUM(IMPOWER(IMPRODUCT($AC$1,2*PI()*U9*$Y$1),(1-$Z$1)),1)),IMDIV($AA$1,IMPRODUCT($AC$1,2*PI()*U9*0.000000000008854))) -> 78.2849549860712-1559.88402708068i | W9: =IMPRODUCT(V9,$N$1,2*PI()*U9*0.0000000000088542) -> 0.112814483480943+0.00566175216090326i | X9: =IMREAL(V9) -> 78.284955 | Y9: =-IMAGINARY(V9) -> 1559.884 | Z9: =IMREAL(W9) -> 0.11281448 | AA9: =IMAGINARY(W9) -> 0.0056617522 | AE9: =Reflection!Y9 -> #REF! | AF9: =IMDIV(IMPRODUCT(IMSUB(C9,V9),IMSUB(Reflection!AB9,Reflection!D9),IMSUB(Reflection!L9,Reflection!T9)),IMPRODUCT(IMSUB(Permitivity!M9,Permitivity!V9),IMSUB(Reflection!AB9,Reflection!L9),IMSUB(Reflection!D9,Reflection!T9))) -> #REF! | AG9: =IMDIV(IMSUB(C9,IMPRODUCT(AF9,M9)),IMSUB(1,AF9)) -> #REF! | AH9: =IMPRODUCT(IMPRODUCT(AG9,$AG$1),2*PI()*AE9*0.0000000000088542) -> #REF! | AI9: =IMREAL(AG9) -> #REF! | AJ9: =-IMAGINARY(AG9) -> #REF! | AK9: =IMREAL(AH9) -> #REF! | AL9: =IMAGINARY(AH9) -> #REF!
B10: =Experiment!#REF! -> #REF! | C10: =IMSUM($D$1,IMDIV(($E$1-$D$1),IMSUM(IMPOWER(IMPRODUCT($J$1,2*PI()*B10*$F$1),(1-$G$1)),1)),IMDIV($H$1,IMPRODUCT($J$1,2*PI()*B10*0.000000000008854))) -> #REF! | D10: =IMPRODUCT(C10,$J$1,2*PI()*B10*0.0000000000088542) -> #REF! | E10: =IMREAL(C10) -> #REF! | F10: =-IMAGINARY(C10) -> #REF! | G10: =IMREAL(D10) -> #REF! | H10: =IMAGINARY(D10) -> #REF! | L10: =Reflection!I10 -> #REF! | M10: =IMSUM(2.6,IMDIV(19.94,IMSUM(1,IMPOWER(IMPRODUCT($N$1,2*PI()*L10,0.0000000001649),1))),IMDIV(0.74,IMSUM(1,IMPRODUCT($N$1,2*PI()*L10*0.0000000000104))),IMDIV(1.19,IMSUM(1,IMPRODUCT($N$1,2*PI()*L10*0.00000000000169)))) -> #REF! | N10: =IMPRODUCT(M10,$N$1,2*PI()*L10*0.0000000000088542) -> #REF! | O10: =IMREAL(M10) -> #REF! | P10: =-IMAGINARY(M10) -> #REF! | Q10: =IMREAL(N10) -> #REF! | R10: =IMAGINARY(N10) -> #REF! | U10: =Reflection!Q10 -> 1300000 | V10: =IMSUM($W$1,IMDIV(($X$1-$W$1),IMSUM(IMPOWER(IMPRODUCT($AC$1,2*PI()*U10*$Y$1),(1-$Z$1)),1)),IMDIV($AA$1,IMPRODUCT($AC$1,2*PI()*U10*0.000000000008854))) -> 78.2849549860712-1559.88402708068i | W10: =IMPRODUCT(V10,$N$1,2*PI()*U10*0.0000000000088542) -> 0.112814483480943+0.00566175216090326i | X10: =IMREAL(V10) -> 78.284955 | Y10: =-IMAGINARY(V10) -> 1559.884 | Z10: =IMREAL(W10) -> 0.11281448 | AA10: =IMAGINARY(W10) -> 0.0056617522 | AE10: =Reflection!Y10 -> #REF! | AF10: =IMDIV(IMPRODUCT(IMSUB(C10,V10),IMSUB(Reflection!AB10,Reflection!D10),IMSUB(Reflection!L10,Reflection!T10)),IMPRODUCT(IMSUB(Permitivity!M10,Permitivity!V10),IMSUB(Reflection!AB10,Reflection!L10),IMSUB(Reflection!D10,Reflection!T10))) -> #REF! | AG10: =IMDIV(IMSUB(C10,IMPRODUCT(AF10,M10)),IMSUB(1,AF10)) -> #REF! | AH10: =IMPRODUCT(IMPRODUCT(AG10,$AG$1),2*PI()*AE10*0.0000000000088542) -> #REF! | AI10: =IMREAL(AG10) -> #REF! | AJ10: =-IMAGINARY(AG10) -> #REF! | AK10: =IMREAL(AH10) -> #REF! | AL10: =IMAGINARY(AH10) -> #REF!
B11: =Experiment!#REF! -> #REF! | C11: =IMSUM($D$1,IMDIV(($E$1-$D$1),IMSUM(IMPOWER(IMPRODUCT($J$1,2*PI()*B11*$F$1),(1-$G$1)),1)),IMDIV($H$1,IMPRODUCT($J$1,2*PI()*B11*0.000000000008854))) -> #REF! | D11: =IMPRODUCT(C11,$J$1,2*PI()*B11*0.0000000000088542) -> #REF! | E11: =IMREAL(C11) -> #REF! | F11: =-IMAGINARY(C11) -> #REF! | G11: =IMREAL(D11) -> #REF! | H11: =IMAGINARY(D11) -> #REF! | L11: =Reflection!I11 -> #REF! | M11: =IMSUM(2.6,IMDIV(19.94,IMSUM(1,IMPOWER(IMPRODUCT($N$1,2*PI()*L11,0.0000000001649),1))),IMDIV(0.74,IMSUM(1,IMPRODUCT($N$1,2*PI()*L11*0.0000000000104))),IMDIV(1.19,IMSUM(1,IMPRODUCT($N$1,2*PI()*L11*0.00000000000169)))) -> #REF! | N11: =IMPRODUCT(M11,$N$1,2*PI()*L11*0.0000000000088542) -> #REF! | O11: =IMREAL(M11) -> #REF! | P11: =-IMAGINARY(M11) -> #REF! | Q11: =IMREAL(N11) -> #REF! | R11: =IMAGINARY(N11) -> #REF! | U11: =Reflection!Q11 -> 1400000 | V11: =IMSUM($W$1,IMDIV(($X$1-$W$1),IMSUM(IMPOWER(IMPRODUCT($AC$1,2*PI()*U11*$Y$1),(1-$Z$1)),1)),IMDIV($AA$1,IMPRODUCT($AC$1,2*PI()*U11*0.000000000008854))) -> 78.2849544503006-1448.46447185953i | W11: =IMPRODUCT(V11,$N$1,2*PI()*U11*0.0000000000088542) -> 0.112814540526504+0.00609727151616699i | X11: =IMREAL(V11) -> 78.284954 | Y11: =-IMAGINARY(V11) -> 1448.4645 | Z11: =IMREAL(W11) -> 0.11281454 | AA11: =IMAGINARY(W11) -> 0.0060972715 | AE11: =Reflection!Y11 -> #REF! | AF11: =IMDIV(IMPRODUCT(IMSUB(C11,V11),IMSUB(Reflection!AB11,Reflection!D11),IMSUB(Reflection!L11,Reflection!T11)),IMPRODUCT(IMSUB(Permitivity!M11,Permitivity!V11),IMSUB(Reflection!AB11,Reflection!L11),IMSUB(Reflection!D11,Reflection!T11))) -> #REF! | AG11: =IMDIV(IMSUB(C11,IMPRODUCT(AF11,M11)),IMSUB(1,AF11)) -> #REF! | AH11: =IMPRODUCT(IMPRODUCT(AG11,$AG$1),2*PI()*AE11*0.0000000000088542) -> #REF! | AI11: =IMREAL(AG11) -> #REF! | AJ11: =-IMAGINARY(AG11) -> #REF! | AK11: =IMREAL(AH11) -> #REF! | AL11: =IMAGINARY(AH11) -> #REF!
B12: =Experiment!#REF! -> #REF! | C12: =IMSUM($D$1,IMDIV(($E$1-$D$1),IMSUM(IMPOWER(IMPRODUCT($J$1,2*PI()*B12*$F$1),(1-$G$1)),1)),IMDIV($H$1,IMPRODUCT($J$1,2*PI()*B12*0.000000000008854))) -> #REF! | D12: =IMPRODUCT(C12,$J$1,2*PI()*B12*0.0000000000088542) -> #REF! | E12: =IMREAL(C12) -> #REF! | F12: =-IMAGINARY(C12) -> #REF! | G12: =IMREAL(D12) -> #REF! | H12: =IMAGINARY(D12) -> #REF! | L12: =Reflection!I12 -> #REF! | M12: =IMSUM(2.6,IMDIV(19.94,IMSUM(1,IMPOWER(IMPRODUCT($N$1,2*PI()*L12,0.0000000001649),1))),IMDIV(0.74,IMSUM(1,IMPRODUCT($N$1,2*PI()*L12*0.0000000000104))),IMDIV(1.19,IMSUM(1,IMPRODUCT($N$1,2*PI()*L12*0.00000000000169)))) -> #REF! | N12: =IMPRODUCT(M12,$N$1,2*PI()*L12*0.0000000000088542) -> #REF! | O12: =IMREAL(M12) -> #REF! | P12: =-IMAGINARY(M12) -> #REF! | Q12: =IMREAL(N12) -> #REF! | R12: =IMAGINARY(N12) -> #REF! | U12: =Reflection!Q12 -> 1400000 | V12: =IMSUM($W$1,IMDIV(($X$1-$W$1),IMSUM(IMPOWER(IMPRODUCT($AC$1,2*PI()*U12*$Y$1),(1-$Z$1)),1)),IMDIV($AA$1,IMPRODUCT($AC$1,2*PI()*U12*0.000000000008854))) -> 78.2849544503006-1448.46447185953i | W12: =IMPRODUCT(V12,$N$1,2*PI()*U12*0.0000000000088542) -> 0.112814540526504+0.00609727151616699i | X12: =IMREAL(V12) -> 78.284954 | Y12: =-IMAGINARY(V12) -> 1448.4645 | Z12: =IMREAL(W12) -> 0.11281454 | AA12: =IMAGINARY(W12) -> 0.0060972715 | AE12: =Reflection!Y12 -> #REF! | AF12: =IMDIV(IMPRODUCT(IMSUB(C12,V12),IMSUB(Reflection!AB12,Reflection!D12),IMSUB(Reflection!L12,Reflection!T12)),IMPRODUCT(IMSUB(Permitivity!M12,Permitivity!V12),IMSUB(Reflection!AB12,Reflection!L12),IMSUB(Reflection!D12,Reflection!T12))) -> #REF! | AG12: =IMDIV(IMSUB(C12,IMPRODUCT(AF12,M12)),IMSUB(1,AF12)) -> #REF! | AH12: =IMPRODUCT(IMPRODUCT(AG12,$AG$1),2*PI()*AE12*0.0000000000088542) -> #REF! | AI12: =IMREAL(AG12) -> #REF! | AJ12: =-IMAGINARY(AG12) -> #REF! | AK12: =IMREAL(AH12) -> #REF! | AL12: =IMAGINARY(AH12) -> #REF!
B13: =Experiment!#REF! -> #REF! | C13: =IMSUM($D$1,IMDIV(($E$1-$D$1),IMSUM(IMPOWER(IMPRODUCT($J$1,2*PI()*B13*$F$1),(1-$G$1)),1)),IMDIV($H$1,IMPRODUCT($J$1,2*PI()*B13*0.000000000008854))) -> #REF! | D13: =IMPRODUCT(C13,$J$1,2*PI()*B13*0.0000000000088542) -> #REF! | E13: =IMREAL(C13) -> #REF! | F13: =-IMAGINARY(C13) -> #REF! | G13: =IMREAL(D13) -> #REF! | H13: =IMAGINARY(D13) -> #REF! | L13: =Reflection!I13 -> #REF! | M13: =IMSUM(2.6,IMDIV(19.94,IMSUM(1,IMPOWER(IMPRODUCT($N$1,2*PI()*L13,0.0000000001649),1))),IMDIV(0.74,IMSUM(1,IMPRODUCT($N$1,2*PI()*L13*0.0000000000104))),IMDIV(1.19,IMSUM(1,IMPRODUCT($N$1,2*PI()*L13*0.00000000000169)))) -> #REF! | N13: =IMPRODUCT(M13,$N$1,2*PI()*L13*0.0000000000088542) -> #REF! | O13: =IMREAL(M13) -> #REF! | P13: =-IMAGINARY(M13) -> #REF! | Q13: =IMREAL(N13) -> #REF! | R13: =IMAGINARY(N13) -> #REF! | U13: =Reflection!Q13 -> 1500000 | V13: =IMSUM($W$1,IMDIV(($X$1-$W$1),IMSUM(IMPOWER(IMPRODUCT($AC$1,2*PI()*U13*$Y$1),(1-$Z$1)),1)),IMDIV($AA$1,IMPRODUCT($AC$1,2*PI()*U13*0.000000000008854))) -> 78.2849539106245-1351.90090792905i | W13: =IMPRODUCT(V13,$N$1,2*PI()*U13*0.0000000000088542) -> 0.112814601794121+0.00653279086514356i | X13: =IMREAL(V13) -> 78.284954 | Y13: =-IMAGINARY(V13) -> 1351.9009 | Z13: =IMREAL(W13) -> 0.1128146 | AA13: =IMAGINARY(W13) -> 0.0065327909 | AE13: =Reflection!Y13 -> #REF! | AF13: =IMDIV(IMPRODUCT(IMSUB(C13,V13),IMSUB(Reflection!AB13,Reflection!D13),IMSUB(Reflection!L13,Reflection!T13)),IMPRODUCT(IMSUB(Permitivity!M13,Permitivity!V13),IMSUB(Reflection!AB13,Reflection!L13),IMSUB(Reflection!D13,Reflection!T13))) -> #REF! | AG13: =IMDIV(IMSUB(C13,IMPRODUCT(AF13,M13)),IMSUB(1,AF13)) -> #REF! | AH13: =IMPRODUCT(IMPRODUCT(AG13,$AG$1),2*PI()*AE13*0.0000000000088542) -> #REF! | AI13: =IMREAL(AG13) -> #REF! | AJ13: =-IMAGINARY(AG13) -> #REF! | AK13: =IMREAL(AH13) -> #REF! | AL13: =IMAGINARY(AH13) -> #REF!
B14: =Experiment!#REF! -> #REF! | C14: =IMSUM($D$1,IMDIV(($E$1-$D$1),IMSUM(IMPOWER(IMPRODUCT($J$1,2*PI()*B14*$F$1),(1-$G$1)),1)),IMDIV($H$1,IMPRODUCT($J$1,2*PI()*B14*0.000000000008854))) -> #REF! | D14: =IMPRODUCT(C14,$J$1,2*PI()*B14*0.0000000000088542) -> #REF! | E14: =IMREAL(C14) -> #REF! | F14: =-IMAGINARY(C14) -> #REF! | G14: =IMREAL(D14) -> #REF! | H14: =IMAGINARY(D14) -> #REF! | L14: =Reflection!I14 -> #REF! | M14: =IMSUM(2.6,IMDIV(19.94,IMSUM(1,IMPOWER(IMPRODUCT($N$1,2*PI()*L14,0.0000000001649),1))),IMDIV(0.74,IMSUM(1,IMPRODUCT($N$1,2*PI()*L14*0.0000000000104))),IMDIV(1.19,IMSUM(1,IMPRODUCT($N$1,2*PI()*L14*0.00000000000169)))) -> #REF! | N14: =IMPRODUCT(M14,$N$1,2*PI()*L14*0.0000000000088542) -> #REF! | O14: =IMREAL(M14) -> #REF! | P14: =-IMAGINARY(M14) -> #REF! | Q14: =IMREAL(N14) -> #REF! | R14: =IMAGINARY(N14) -> #REF! | U14: =Reflection!Q14 -> 1600000 | V14: =IMSUM($W$1,IMDIV(($X$1-$W$1),IMSUM(IMPOWER(IMPRODUCT($AC$1,2*PI()*U14*$Y$1),(1-$Z$1)),1)),IMDIV($AA$1,IMPRODUCT($AC$1,2*PI()*U14*0.000000000008854))) -> 78.2849533670396-1267.40783691957i | W14: =IMPRODUCT(V14,$N$1,2*PI()*U14*0.0000000000088542) -> 0.112814667283554+0.00696831020776748i | X14: =IMREAL(V14) -> 78.284953 | Y14: =-IMAGINARY(V14) -> 1267.4078 | Z14: =IMREAL(W14) -> 0.11281467 | AA14: =IMAGINARY(W14) -> 0.0069683102 | AE14: =Reflection!Y14 -> #REF! | AF14: =IMDIV(IMPRODUCT(IMSUB(C14,V14),IMSUB(Reflection!AB14,Reflection!D14),IMSUB(Reflection!L14,Reflection!T14)),IMPRODUCT(IMSUB(Permitivity!M14,Permitivity!V14),IMSUB(Reflection!AB14,Reflection!L14),IMSUB(Reflection!D14,Reflection!T14))) -> #REF! | AG14: =IMDIV(IMSUB(C14,IMPRODUCT(AF14,M14)),IMSUB(1,AF14)) -> #REF! | AH14: =IMPRODUCT(IMPRODUCT(AG14,$AG$1),2*PI()*AE14*0.0000000000088542) -> #REF! | AI14: =IMREAL(AG14) -> #REF! | AJ14: =-IMAGINARY(AG14) -> #REF! | AK14: =IMREAL(AH14) -> #REF! | AL14: =IMAGINARY(AH14) -> #REF!
... B202: =Experiment!#REF! -> #REF! | C202: =IMSUM($D$1,IMDIV(($E$1-$D$1),IMSUM(IMPOWER(IMPRODUCT($J$1,2*PI()*B202*$F$1),(1-$G$1)),1)),IMDIV($H$1,IMPRODUCT($J$1,2*PI()*B202*0.000000000008854))) -> #REF! | D202: =IMPRODUCT(C202,$J$1,2*PI()*B202*0.0000000000088542) -> #REF! | E202: =IMREAL(C202) -> #REF! | F202: =-IMAGINARY(C202) -> #REF! | G202: =IMREAL(D202) -> #REF! | H202: =IMAGINARY(D202) -> #REF! | L202: =Reflection!I202 -> #REF! | M202: =IMSUM(2.6,IMDIV(19.94,IMSUM(1,IMPOWER(IMPRODUCT($N$1,2*PI()*L202,0.0000000001649),1))),IMDIV(0.74,IMSUM(1,IMPRODUCT($N$1,2*PI()*L202*0.0000000000104))),IMDIV(1.19,IMSUM(1,IMPRODUCT($N$1,2*PI()*L202*0.00000000000169)))) -> #REF! | N202: =IMPRODUCT(M202,$N$1,2*PI()*L202*0.0000000000088542) -> #REF! | O202: =IMREAL(M202) -> #REF! | P202: =-IMAGINARY(M202) -> #REF! | Q202: =IMREAL(N202) -> #REF! | R202: =IMAGINARY(N202) -> #REF! | U202: =Reflection!Q202 -> 3000000000 | V202: =IMSUM($W$1,IMDIV(($X$1-$W$1),IMSUM(IMPOWER(IMPRODUCT($AC$1,2*PI()*U202*$Y$1),(1-$Z$1)),1)),IMDIV($AA$1,IMPRODUCT($AC$1,2*PI()*U202*0.000000000008854))) -> 76.5597796833092-11.7338882294635i | W202: =IMPRODUCT(V202,$N$1,2*PI()*U202*0.0000000000088542) -> 1.95835940391737+12.7776540540225i | X202: =IMREAL(V202) -> 76.55978 | Y202: =-IMAGINARY(V202) -> 11.733888 | Z202: =IMREAL(W202) -> 1.9583594 | AA202: =IMAGINARY(W202) -> 12.777654 | AE202: =Reflection!Y202 -> #REF! | AF202: =IMDIV(IMPRODUCT(IMSUB(C202,V202),IMSUB(Reflection!AB202,Reflection!D202),IMSUB(Reflection!L202,Reflection!T202)),IMPRODUCT(IMSUB(Permitivity!M202,Permitivity!V202),IMSUB(Reflection!AB202,Reflection!L202),IMSUB(Reflection!D202,Reflection!T202))) -> #REF! | AG202: =IMDIV(IMSUB(C202,IMPRODUCT(AF202,M202)),IMSUB(1,AF202)) -> #REF! | AH202: =IMPRODUCT(IMPRODUCT(AG202,$AG$1),2*PI()*AE202*0.0000000000088542) -> #REF! | AI202: =IMREAL(AG202) -> #REF! | AJ202: =-IMAGINARY(AG202) -> #REF! | AK202: =IMREAL(AH202) -> #REF! | AL202: =IMAGINARY(AH202) -> #REF!

Sheet Permitivity Ref.
A1: Water | B1: Unit | C1: 0+1i | J1: =Reflection!I1 -> #REF! | K1: Unit | L1: 0+1i | S1: Ethanol 0.7 | T1: Unit | U1: 0+1i | AA1: 0.16 | AB1: NaCl | AC1: 25 | AD1: =5.77-0.0274*AC1 -> 5.085 | AE1: =(10^(1.94404-AC1*0.001991))*(1-0.0003742*AC1*AA1+0.034*(AA1^2)-0.178*AA1+AC1*0.0001515-0.000004929*(AC1^2)) -> 76.164522 | AF1: =(0.000000000000003745*(1+(0.00007)*(AC1-27.5)^2)*EXP(2295.7/(AC1+273.15)))*(1.012-AC1*AA1*0.005282+0.032*(AA1^2)-0.01*AA1-AC1*0.001724+0.00003766*(AC1^2)) -> 8.0285583e-12 | AG1: =-0.0006348*AC1*AA1-0.051*(AA1^2)+0.09*AA1 -> 0.0105552 | AH1: =0.174*AC1*AA1-1.582*(AA1^2)+5.923*AA1 -> 1.6031808 | AI1: Unit | AJ1: 0+1i | AK1: NaCl 0.01mol/L | AL1: Unit | AM1: 0+1i
A2: Frequency[Hz] | B2: permittivity | C2: conductivity | D2: permittivity RE | E2: permittivity IM | F2: conductivity RE | G2: conductivity IM | J2: Frequency[Hz] | K2: permittivity | L2: conductivity | M2: permittivity RE | N2: permittivity IM | O2: conductivity RE | P2: conductivity IM | S2: Frequency[Hz] | T2: permittivity | U2: conductivity | V2: permittivity RE | W2: permittivity IM | X2: conductivity RE | Y2: conductivity IM | AB2: Frequency[Hz] | AC2: permittivity | AD2: conductivity | AE2: permittivity RE | AF2: permittivity IM | AG2: conductivity RE | AH2: conductivity IM | AK2: Frequency[Hz] | AL2: permittivity | AM2: conductivity | AN2: permittivity RE | AO2: permittivity IM | AP2: conductivity RE | AQ2: conductivity IM
A3: =Reflection!A3 -> #REF! | B3: =IMSUM(4.1,IMDIV((78.4-4.1),IMSUM(IMPRODUCT($C$1,2*PI()*A3*0.0000000000083),1))) -> #REF! | C3: =IMPRODUCT(IMPRODUCT(B3,$C$1),2*PI()*A3*0.000000000008854) -> #REF! | D3: =IMREAL(B3) -> #REF! | E3: =-IMAGINARY(B3) -> #REF! | F3: =IMREAL(C3) -> #REF! | G3: =IMAGINARY(C3) -> #REF! | J3: =Reflection!A3 -> #REF! | K3: =IMSUM(2.6,IMDIV(19.94,IMSUM(1,IMPOWER(IMPRODUCT($L$1,2*PI()*J3,0.0000000001649),1))),IMDIV(0.74,IMSUM(1,IMPRODUCT($L$1,2*PI()*J3*0.0000000000104))),IMDIV(1.19,IMSUM(1,IMPRODUCT($L$1,2*PI()*J3*0.00000000000169)))) -> #REF! | L3: =IMPRODUCT(IMPRODUCT(K3,$L$1),2*PI()*J3*0.0000000000088542) -> #REF! | M3: =IMREAL(K3) -> #REF! | N3: =-IMAGINARY(K3) -> #REF! | O3: =IMREAL(L3) -> #REF! | P3: =IMAGINARY(L3) -> #REF! | S3: =Reflection!A3 -> #REF! | T3: =IMSUM(2.7,IMDIV(25.93,IMSUM(1,IMPOWER(IMPRODUCT($U$1,2*PI()*S3,0.00000000009441),0.956))),IMDIV(1.44,IMSUM(1,IMPRODUCT($U$1,2*PI()*S3*0.00000000000891))),IMDIV(1.28,IMSUM(1,IMPRODUCT($U$1,2*PI()*S3*0.00000000000139)))) -> #REF! | U3: =IMPRODUCT(IMPRODUCT(T3,$U$1),2*PI()*S3*0.0000000000088542) -> #REF! | V3: =IMREAL(T3) -> #REF! | W3: =-IMAGINARY(T3) -> #REF! | X3: =IMREAL(U3) -> #REF! | Y3: =IMAGINARY(U3) -> #REF! | AB3: =Reflection!A3 -> #REF! | AC3: =IMSUM($AD$1,IMSUM(IMDIV(($AE$1-$AD$1),IMSUM(IMPOWER(IMPRODUCT($AJ$1,2*PI()*AB3*$AF$1),(1-$AG$1)),1)),IMDIV($AH$1,IMPRODUCT($AJ$1,2*PI()*AB3*0.000000000008854)))) -> #REF! | AD3: =IMPRODUCT(IMPRODUCT(AC3,$AJ$1),2*PI()*AB3*0.000000000008854) -> #REF! | AE3: =IMREAL(AC3) -> #REF! | AF3: =-IMAGINARY(AC3) -> #REF! | AG3: =IMREAL(AD3) -> #REF! | AH3: =IMAGINARY(AD3) -> #REF! | AK3: =Reflection!A3 -> #REF! | AL3: =IMSUM(4.1,IMDIV((78.4-4.1),IMSUM(IMPRODUCT($AM$1,2*PI()*AK3*0.0000000000083),1))) -> #REF! | AM3: =IMPRODUCT(IMPRODUCT(AL3,$AM$1),2*PI()*AK3*0.000000000008854) -> #REF! | AN3: =IMREAL(AL3) -> #REF! | AO3: =-IMAGINARY(AL3) -> #REF! | AP3: =IMREAL(AM3) -> #REF! | AQ3: =IMAGINARY(AM3) -> #REF!
A4: =Reflection!A4 -> #REF! | B4: =IMSUM(4.1,IMDIV((78.4-4.1),IMSUM(IMPRODUCT($C$1,2*PI()*A4*0.0000000000083),1))) -> #REF! | C4: =IMPRODUCT(IMPRODUCT(B4,$C$1),2*PI()*A4*0.000000000008854) -> #REF! | D4: =IMREAL(B4) -> #REF! | E4: =-IMAGINARY(B4) -> #REF! | F4: =IMREAL(C4) -> #REF! | G4: =IMAGINARY(C4) -> #REF! | J4: =Reflection!A4 -> #REF! | K4: =IMSUM(2.6,IMDIV(19.94,IMSUM(1,IMPOWER(IMPRODUCT($L$1,2*PI()*J4,0.0000000001649),1))),IMDIV(0.74,IMSUM(1,IMPRODUCT($L$1,2*PI()*J4*0.0000000000104))),IMDIV(1.19,IMSUM(1,IMPRODUCT($L$1,2*PI()*J4*0.00000000000169)))) -> #REF! | L4: =IMPRODUCT(IMPRODUCT(K4,$L$1),2*PI()*J4*0.0000000000088542) -> #REF! | M4: =IMREAL(K4) -> #REF! | N4: =-IMAGINARY(K4) -> #REF! | O4: =IMREAL(L4) -> #REF! | P4: =IMAGINARY(L4) -> #REF! | S4: =Reflection!A4 -> #REF! | T4: =IMSUM(2.7,IMDIV(25.93,IMSUM(1,IMPOWER(IMPRODUCT($U$1,2*PI()*S4,0.00000000009441),0.956))),IMDIV(1.44,IMSUM(1,IMPRODUCT($U$1,2*PI()*S4*0.00000000000891))),IMDIV(1.28,IMSUM(1,IMPRODUCT($U$1,2*PI()*S4*0.00000000000139)))) -> #REF! | U4: =IMPRODUCT(IMPRODUCT(T4,$U$1),2*PI()*S4*0.0000000000088542) -> #REF! | V4: =IMREAL(T4) -> #REF! | W4: =-IMAGINARY(T4) -> #REF! | X4: =IMREAL(U4) -> #REF! | Y4: =IMAGINARY(U4) -> #REF! | AB4: =Reflection!A4 -> #REF! | AC4: =IMSUM($AD$1,IMSUM(IMDIV(($AE$1-$AD$1),IMSUM(IMPOWER(IMPRODUCT($AJ$1,2*PI()*AB4*$AF$1),(1-$AG$1)),1)),IMDIV($AH$1,IMPRODUCT($AJ$1,2*PI()*AB4*0.000000000008854)))) -> #REF! | AD4: =IMPRODUCT(IMPRODUCT(AC4,$AJ$1),2*PI()*AB4*0.000000000008854) -> #REF! | AE4: =IMREAL(AC4) -> #REF! | AF4: =-IMAGINARY(AC4) -> #REF! | AG4: =IMREAL(AD4) -> #REF! | AH4: =IMAGINARY(AD4) -> #REF! | AK4: =Reflection!A4 -> #REF! | AL4: =IMSUM(4.1,IMDIV((78.4-4.1),IMSUM(IMPRODUCT($AM$1,2*PI()*AK4*0.0000000000083),1))) -> #REF! | AM4: =IMPRODUCT(IMPRODUCT(AL4,$AM$1),2*PI()*AK4*0.000000000008854) -> #REF! | AN4: =IMREAL(AL4) -> #REF! | AO4: =-IMAGINARY(AL4) -> #REF! | AP4: =IMREAL(AM4) -> #REF! | AQ4: =IMAGINARY(AM4) -> #REF!
A5: =Reflection!A5 -> #REF! | B5: =IMSUM(4.1,IMDIV((78.4-4.1),IMSUM(IMPRODUCT($C$1,2*PI()*A5*0.0000000000083),1))) -> #REF! | C5: =IMPRODUCT(IMPRODUCT(B5,$C$1),2*PI()*A5*0.000000000008854) -> #REF! | D5: =IMREAL(B5) -> #REF! | E5: =-IMAGINARY(B5) -> #REF! | F5: =IMREAL(C5) -> #REF! | G5: =IMAGINARY(C5) -> #REF! | J5: =Reflection!A5 -> #REF! | K5: =IMSUM(2.6,IMDIV(19.94,IMSUM(1,IMPOWER(IMPRODUCT($L$1,2*PI()*J5,0.0000000001649),1))),IMDIV(0.74,IMSUM(1,IMPRODUCT($L$1,2*PI()*J5*0.0000000000104))),IMDIV(1.19,IMSUM(1,IMPRODUCT($L$1,2*PI()*J5*0.00000000000169)))) -> #REF! | L5: =IMPRODUCT(IMPRODUCT(K5,$L$1),2*PI()*J5*0.0000000000088542) -> #REF! | M5: =IMREAL(K5) -> #REF! | N5: =-IMAGINARY(K5) -> #REF! | O5: =IMREAL(L5) -> #REF! | P5: =IMAGINARY(L5) -> #REF! | S5: =Reflection!A5 -> #REF! | T5: =IMSUM(2.7,IMDIV(25.93,IMSUM(1,IMPOWER(IMPRODUCT($U$1,2*PI()*S5,0.00000000009441),0.956))),IMDIV(1.44,IMSUM(1,IMPRODUCT($U$1,2*PI()*S5*0.00000000000891))),IMDIV(1.28,IMSUM(1,IMPRODUCT($U$1,2*PI()*S5*0.00000000000139)))) -> #REF! | U5: =IMPRODUCT(IMPRODUCT(T5,$U$1),2*PI()*S5*0.0000000000088542) -> #REF! | V5: =IMREAL(T5) -> #REF! | W5: =-IMAGINARY(T5) -> #REF! | X5: =IMREAL(U5) -> #REF! | Y5: =IMAGINARY(U5) -> #REF! | AB5: =Reflection!A5 -> #REF! | AC5: =IMSUM($AD$1,IMSUM(IMDIV(($AE$1-$AD$1),IMSUM(IMPOWER(IMPRODUCT($AJ$1,2*PI()*AB5*$AF$1),(1-$AG$1)),1)),IMDIV($AH$1,IMPRODUCT($AJ$1,2*PI()*AB5*0.000000000008854)))) -> #REF! | AD5: =IMPRODUCT(IMPRODUCT(AC5,$AJ$1),2*PI()*AB5*0.000000000008854) -> #REF! | AE5: =IMREAL(AC5) -> #REF! | AF5: =-IMAGINARY(AC5) -> #REF! | AG5: =IMREAL(AD5) -> #REF! | AH5: =IMAGINARY(AD5) -> #REF! | AK5: =Reflection!A5 -> #REF! | AL5: =IMSUM(4.1,IMDIV((78.4-4.1),IMSUM(IMPRODUCT($AM$1,2*PI()*AK5*0.0000000000083),1))) -> #REF! | AM5: =IMPRODUCT(IMPRODUCT(AL5,$AM$1),2*PI()*AK5*0.000000000008854) -> #REF! | AN5: =IMREAL(AL5) -> #REF! | AO5: =-IMAGINARY(AL5) -> #REF! | AP5: =IMREAL(AM5) -> #REF! | AQ5: =IMAGINARY(AM5) -> #REF!
A6: =Reflection!A6 -> #REF! | B6: =IMSUM(4.1,IMDIV((78.4-4.1),IMSUM(IMPRODUCT($C$1,2*PI()*A6*0.0000000000083),1))) -> #REF! | C6: =IMPRODUCT(IMPRODUCT(B6,$C$1),2*PI()*A6*0.000000000008854) -> #REF! | D6: =IMREAL(B6) -> #REF! | E6: =-IMAGINARY(B6) -> #REF! | F6: =IMREAL(C6) -> #REF! | G6: =IMAGINARY(C6) -> #REF! | J6: =Reflection!A6 -> #REF! | K6: =IMSUM(2.6,IMDIV(19.94,IMSUM(1,IMPOWER(IMPRODUCT($L$1,2*PI()*J6,0.0000000001649),1))),IMDIV(0.74,IMSUM(1,IMPRODUCT($L$1,2*PI()*J6*0.0000000000104))),IMDIV(1.19,IMSUM(1,IMPRODUCT($L$1,2*PI()*J6*0.00000000000169)))) -> #REF! | L6: =IMPRODUCT(IMPRODUCT(K6,$L$1),2*PI()*J6*0.0000000000088542) -> #REF! | M6: =IMREAL(K6) -> #REF! | N6: =-IMAGINARY(K6) -> #REF! | O6: =IMREAL(L6) -> #REF! | P6: =IMAGINARY(L6) -> #REF! | S6: =Reflection!A6 -> #REF! | T6: =IMSUM(2.7,IMDIV(25.93,IMSUM(1,IMPOWER(IMPRODUCT($U$1,2*PI()*S6,0.00000000009441),0.956))),IMDIV(1.44,IMSUM(1,IMPRODUCT($U$1,2*PI()*S6*0.00000000000891))),IMDIV(1.28,IMSUM(1,IMPRODUCT($U$1,2*PI()*S6*0.00000000000139)))) -> #REF! | U6: =IMPRODUCT(IMPRODUCT(T6,$U$1),2*PI()*S6*0.0000000000088542) -> #REF! | V6: =IMREAL(T6) -> #REF! | W6: =-IMAGINARY(T6) -> #REF! | X6: =IMREAL(U6) -> #REF! | Y6: =IMAGINARY(U6) -> #REF! | AB6: =Reflection!A6 -> #REF! | AC6: =IMSUM($AD$1,IMSUM(IMDIV(($AE$1-$AD$1),IMSUM(IMPOWER(IMPRODUCT($AJ$1,2*PI()*AB6*$AF$1),(1-$AG$1)),1)),IMDIV($AH$1,IMPRODUCT($AJ$1,2*PI()*AB6*0.000000000008854)))) -> #REF! | AD6: =IMPRODUCT(IMPRODUCT(AC6,$AJ$1),2*PI()*AB6*0.000000000008854) -> #REF! | AE6: =IMREAL(AC6) -> #REF! | AF6: =-IMAGINARY(AC6) -> #REF! | AG6: =IMREAL(AD6) -> #REF! | AH6: =IMAGINARY(AD6) -> #REF! | AK6: =Reflection!A6 -> #REF! | AL6: =IMSUM(4.1,IMDIV((78.4-4.1),IMSUM(IMPRODUCT($AM$1,2*PI()*AK6*0.0000000000083),1))) -> #REF! | AM6: =IMPRODUCT(IMPRODUCT(AL6,$AM$1),2*PI()*AK6*0.000000000008854) -> #REF! | AN6: =IMREAL(AL6) -> #REF! | AO6: =-IMAGINARY(AL6) -> #REF! | AP6: =IMREAL(AM6) -> #REF! | AQ6: =IMAGINARY(AM6) -> #REF!
A7: =Reflection!A7 -> #REF! | B7: =IMSUM(4.1,IMDIV((78.4-4.1),IMSUM(IMPRODUCT($C$1,2*PI()*A7*0.0000000000083),1))) -> #REF! | C7: =IMPRODUCT(IMPRODUCT(B7,$C$1),2*PI()*A7*0.000000000008854) -> #REF! | D7: =IMREAL(B7) -> #REF! | E7: =-IMAGINARY(B7) -> #REF! | F7: =IMREAL(C7) -> #REF! | G7: =IMAGINARY(C7) -> #REF! | J7: =Reflection!A7 -> #REF! | K7: =IMSUM(2.6,IMDIV(19.94,IMSUM(1,IMPOWER(IMPRODUCT($L$1,2*PI()*J7,0.0000000001649),1))),IMDIV(0.74,IMSUM(1,IMPRODUCT($L$1,2*PI()*J7*0.0000000000104))),IMDIV(1.19,IMSUM(1,IMPRODUCT($L$1,2*PI()*J7*0.00000000000169)))) -> #REF! | L7: =IMPRODUCT(IMPRODUCT(K7,$L$1),2*PI()*J7*0.0000000000088542) -> #REF! | M7: =IMREAL(K7) -> #REF! | N7: =-IMAGINARY(K7) -> #REF! | O7: =IMREAL(L7) -> #REF! | P7: =IMAGINARY(L7) -> #REF! | S7: =Reflection!A7 -> #REF! | T7: =IMSUM(2.7,IMDIV(25.93,IMSUM(1,IMPOWER(IMPRODUCT($U$1,2*PI()*S7,0.00000000009441),0.956))),IMDIV(1.44,IMSUM(1,IMPRODUCT($U$1,2*PI()*S7*0.00000000000891))),IMDIV(1.28,IMSUM(1,IMPRODUCT($U$1,2*PI()*S7*0.00000000000139)))) -> #REF! | U7: =IMPRODUCT(IMPRODUCT(T7,$U$1),2*PI()*S7*0.0000000000088542) -> #REF! | V7: =IMREAL(T7) -> #REF! | W7: =-IMAGINARY(T7) -> #REF! | X7: =IMREAL(U7) -> #REF! | Y7: =IMAGINARY(U7) -> #REF! | AB7: =Reflection!A7 -> #REF! | AC7: =IMSUM($AD$1,IMSUM(IMDIV(($AE$1-$AD$1),IMSUM(IMPOWER(IMPRODUCT($AJ$1,2*PI()*AB7*$AF$1),(1-$AG$1)),1)),IMDIV($AH$1,IMPRODUCT($AJ$1,2*PI()*AB7*0.000000000008854)))) -> #REF! | AD7: =IMPRODUCT(IMPRODUCT(AC7,$AJ$1),2*PI()*AB7*0.000000000008854) -> #REF! | AE7: =IMREAL(AC7) -> #REF! | AF7: =-IMAGINARY(AC7) -> #REF! | AG7: =IMREAL(AD7) -> #REF! | AH7: =IMAGINARY(AD7) -> #REF! | AK7: =Reflection!A7 -> #REF! | AL7: =IMSUM(4.1,IMDIV((78.4-4.1),IMSUM(IMPRODUCT($AM$1,2*PI()*AK7*0.0000000000083),1))) -> #REF! | AM7: =IMPRODUCT(IMPRODUCT(AL7,$AM$1),2*PI()*AK7*0.000000000008854) -> #REF! | AN7: =IMREAL(AL7) -> #REF! | AO7: =-IMAGINARY(AL7) -> #REF! | AP7: =IMREAL(AM7) -> #REF! | AQ7: =IMAGINARY(AM7) -> #REF!
A8: =Reflection!A8 -> #REF! | B8: =IMSUM(4.1,IMDIV((78.4-4.1),IMSUM(IMPRODUCT($C$1,2*PI()*A8*0.0000000000083),1))) -> #REF! | C8: =IMPRODUCT(IMPRODUCT(B8,$C$1),2*PI()*A8*0.000000000008854) -> #REF! | D8: =IMREAL(B8) -> #REF! | E8: =-IMAGINARY(B8) -> #REF! | F8: =IMREAL(C8) -> #REF! | G8: =IMAGINARY(C8) -> #REF! | J8: =Reflection!A8 -> #REF! | K8: =IMSUM(2.6,IMDIV(19.94,IMSUM(1,IMPOWER(IMPRODUCT($L$1,2*PI()*J8,0.0000000001649),1))),IMDIV(0.74,IMSUM(1,IMPRODUCT($L$1,2*PI()*J8*0.0000000000104))),IMDIV(1.19,IMSUM(1,IMPRODUCT($L$1,2*PI()*J8*0.00000000000169)))) -> #REF! | L8: =IMPRODUCT(IMPRODUCT(K8,$L$1),2*PI()*J8*0.0000000000088542) -> #REF! | M8: =IMREAL(K8) -> #REF! | N8: =-IMAGINARY(K8) -> #REF! | O8: =IMREAL(L8) -> #REF! | P8: =IMAGINARY(L8) -> #REF! | S8: =Reflection!A8 -> #REF! | T8: =IMSUM(2.7,IMDIV(25.93,IMSUM(1,IMPOWER(IMPRODUCT($U$1,2*PI()*S8,0.00000000009441),0.956))),IMDIV(1.44,IMSUM(1,IMPRODUCT($U$1,2*PI()*S8*0.00000000000891))),IMDIV(1.28,IMSUM(1,IMPRODUCT($U$1,2*PI()*S8*0.00000000000139)))) -> #REF! | U8: =IMPRODUCT(IMPRODUCT(T8,$U$1),2*PI()*S8*0.0000000000088542) -> #REF! | V8: =IMREAL(T8) -> #REF! | W8: =-IMAGINARY(T8) -> #REF! | X8: =IMREAL(U8) -> #REF! | Y8: =IMAGINARY(U8) -> #REF! | AB8: =Reflection!A8 -> #REF! | AC8: =IMSUM($AD$1,IMSUM(IMDIV(($AE$1-$AD$1),IMSUM(IMPOWER(IMPRODUCT($AJ$1,2*PI()*AB8*$AF$1),(1-$AG$1)),1)),IMDIV($AH$1,IMPRODUCT($AJ$1,2*PI()*AB8*0.000000000008854)))) -> #REF! | AD8: =IMPRODUCT(IMPRODUCT(AC8,$AJ$1),2*PI()*AB8*0.000000000008854) -> #REF! | AE8: =IMREAL(AC8) -> #REF! | AF8: =-IMAGINARY(AC8) -> #REF! | AG8: =IMREAL(AD8) -> #REF! | AH8: =IMAGINARY(AD8) -> #REF! | AK8: =Reflection!A8 -> #REF! | AL8: =IMSUM(4.1,IMDIV((78.4-4.1),IMSUM(IMPRODUCT($AM$1,2*PI()*AK8*0.0000000000083),1))) -> #REF! | AM8: =IMPRODUCT(IMPRODUCT(AL8,$AM$1),2*PI()*AK8*0.000000000008854) -> #REF! | AN8: =IMREAL(AL8) -> #REF! | AO8: =-IMAGINARY(AL8) -> #REF! | AP8: =IMREAL(AM8) -> #REF! | AQ8: =IMAGINARY(AM8) -> #REF!
A9: =Reflection!A9 -> #REF! | B9: =IMSUM(4.1,IMDIV((78.4-4.1),IMSUM(IMPRODUCT($C$1,2*PI()*A9*0.0000000000083),1))) -> #REF! | C9: =IMPRODUCT(IMPRODUCT(B9,$C$1),2*PI()*A9*0.000000000008854) -> #REF! | D9: =IMREAL(B9) -> #REF! | E9: =-IMAGINARY(B9) -> #REF! | F9: =IMREAL(C9) -> #REF! | G9: =IMAGINARY(C9) -> #REF! | J9: =Reflection!A9 -> #REF! | K9: =IMSUM(2.6,IMDIV(19.94,IMSUM(1,IMPOWER(IMPRODUCT($L$1,2*PI()*J9,0.0000000001649),1))),IMDIV(0.74,IMSUM(1,IMPRODUCT($L$1,2*PI()*J9*0.0000000000104))),IMDIV(1.19,IMSUM(1,IMPRODUCT($L$1,2*PI()*J9*0.00000000000169)))) -> #REF! | L9: =IMPRODUCT(IMPRODUCT(K9,$L$1),2*PI()*J9*0.0000000000088542) -> #REF! | M9: =IMREAL(K9) -> #REF! | N9: =-IMAGINARY(K9) -> #REF! | O9: =IMREAL(L9) -> #REF! | P9: =IMAGINARY(L9) -> #REF! | S9: =Reflection!A9 -> #REF! | T9: =IMSUM(2.7,IMDIV(25.93,IMSUM(1,IMPOWER(IMPRODUCT($U$1,2*PI()*S9,0.00000000009441),0.956))),IMDIV(1.44,IMSUM(1,IMPRODUCT($U$1,2*PI()*S9*0.00000000000891))),IMDIV(1.28,IMSUM(1,IMPRODUCT($U$1,2*PI()*S9*0.00000000000139)))) -> #REF! | U9: =IMPRODUCT(IMPRODUCT(T9,$U$1),2*PI()*S9*0.0000000000088542) -> #REF! | V9: =IMREAL(T9) -> #REF! | W9: =-IMAGINARY(T9) -> #REF! | X9: =IMREAL(U9) -> #REF! | Y9: =IMAGINARY(U9) -> #REF! | AB9: =Reflection!A9 -> #REF! | AC9: =IMSUM($AD$1,IMSUM(IMDIV(($AE$1-$AD$1),IMSUM(IMPOWER(IMPRODUCT($AJ$1,2*PI()*AB9*$AF$1),(1-$AG$1)),1)),IMDIV($AH$1,IMPRODUCT($AJ$1,2*PI()*AB9*0.000000000008854)))) -> #REF! | AD9: =IMPRODUCT(IMPRODUCT(AC9,$AJ$1),2*PI()*AB9*0.000000000008854) -> #REF! | AE9: =IMREAL(AC9) -> #REF! | AF9: =-IMAGINARY(AC9) -> #REF! | AG9: =IMREAL(AD9) -> #REF! | AH9: =IMAGINARY(AD9) -> #REF! | AK9: =Reflection!A9 -> #REF! | AL9: =IMSUM(4.1,IMDIV((78.4-4.1),IMSUM(IMPRODUCT($AM$1,2*PI()*AK9*0.0000000000083),1))) -> #REF! | AM9: =IMPRODUCT(IMPRODUCT(AL9,$AM$1),2*PI()*AK9*0.000000000008854) -> #REF! | AN9: =IMREAL(AL9) -> #REF! | AO9: =-IMAGINARY(AL9) -> #REF! | AP9: =IMREAL(AM9) -> #REF! | AQ9: =IMAGINARY(AM9) -> #REF!
A10: =Reflection!A10 -> #REF! | B10: =IMSUM(4.1,IMDIV((78.4-4.1),IMSUM(IMPRODUCT($C$1,2*PI()*A10*0.0000000000083),1))) -> #REF! | C10: =IMPRODUCT(IMPRODUCT(B10,$C$1),2*PI()*A10*0.000000000008854) -> #REF! | D10: =IMREAL(B10) -> #REF! | E10: =-IMAGINARY(B10) -> #REF! | F10: =IMREAL(C10) -> #REF! | G10: =IMAGINARY(C10) -> #REF! | J10: =Reflection!A10 -> #REF! | K10: =IMSUM(2.6,IMDIV(19.94,IMSUM(1,IMPOWER(IMPRODUCT($L$1,2*PI()*J10,0.0000000001649),1))),IMDIV(0.74,IMSUM(1,IMPRODUCT($L$1,2*PI()*J10*0.0000000000104))),IMDIV(1.19,IMSUM(1,IMPRODUCT($L$1,2*PI()*J10*0.00000000000169)))) -> #REF! | L10: =IMPRODUCT(IMPRODUCT(K10,$L$1),2*PI()*J10*0.0000000000088542) -> #REF! | M10: =IMREAL(K10) -> #REF! | N10: =-IMAGINARY(K10) -> #REF! | O10: =IMREAL(L10) -> #REF! | P10: =IMAGINARY(L10) -> #REF! | S10: =Reflection!A10 -> #REF! | T10: =IMSUM(2.7,IMDIV(25.93,IMSUM(1,IMPOWER(IMPRODUCT($U$1,2*PI()*S10,0.00000000009441),0.956))),IMDIV(1.44,IMSUM(1,IMPRODUCT($U$1,2*PI()*S10*0.00000000000891))),IMDIV(1.28,IMSUM(1,IMPRODUCT($U$1,2*PI()*S10*0.00000000000139)))) -> #REF! | U10: =IMPRODUCT(IMPRODUCT(T10,$U$1),2*PI()*S10*0.0000000000088542) -> #REF! | V10: =IMREAL(T10) -> #REF! | W10: =-IMAGINARY(T10) -> #REF! | X10: =IMREAL(U10) -> #REF! | Y10: =IMAGINARY(U10) -> #REF! | AB10: =Reflection!A10 -> #REF! | AC10: =IMSUM($AD$1,IMSUM(IMDIV(($AE$1-$AD$1),IMSUM(IMPOWER(IMPRODUCT($AJ$1,2*PI()*AB10*$AF$1),(1-$AG$1)),1)),IMDIV($AH$1,IMPRODUCT($AJ$1,2*PI()*AB10*0.000000000008854)))) -> #REF! | AD10: =IMPRODUCT(IMPRODUCT(AC10,$AJ$1),2*PI()*AB10*0.000000000008854) -> #REF! | AE10: =IMREAL(AC10) -> #REF! | AF10: =-IMAGINARY(AC10) -> #REF! | AG10: =IMREAL(AD10) -> #REF! | AH10: =IMAGINARY(AD10) -> #REF! | AK10: =Reflection!A10 -> #REF! | AL10: =IMSUM(4.1,IMDIV((78.4-4.1),IMSUM(IMPRODUCT($AM$1,2*PI()*AK10*0.0000000000083),1))) -> #REF! | AM10: =IMPRODUCT(IMPRODUCT(AL10,$AM$1),2*PI()*AK10*0.000000000008854) -> #REF! | AN10: =IMREAL(AL10) -> #REF! | AO10: =-IMAGINARY(AL10) -> #REF! | AP10: =IMREAL(AM10) -> #REF! | AQ10: =IMAGINARY(AM10) -> #REF!
A11: =Reflection!A11 -> #REF! | B11: =IMSUM(4.1,IMDIV((78.4-4.1),IMSUM(IMPRODUCT($C$1,2*PI()*A11*0.0000000000083),1))) -> #REF! | C11: =IMPRODUCT(IMPRODUCT(B11,$C$1),2*PI()*A11*0.000000000008854) -> #REF! | D11: =IMREAL(B11) -> #REF! | E11: =-IMAGINARY(B11) -> #REF! | F11: =IMREAL(C11) -> #REF! | G11: =IMAGINARY(C11) -> #REF! | J11: =Reflection!A11 -> #REF! | K11: =IMSUM(2.6,IMDIV(19.94,IMSUM(1,IMPOWER(IMPRODUCT($L$1,2*PI()*J11,0.0000000001649),1))),IMDIV(0.74,IMSUM(1,IMPRODUCT($L$1,2*PI()*J11*0.0000000000104))),IMDIV(1.19,IMSUM(1,IMPRODUCT($L$1,2*PI()*J11*0.00000000000169)))) -> #REF! | L11: =IMPRODUCT(IMPRODUCT(K11,$L$1),2*PI()*J11*0.0000000000088542) -> #REF! | M11: =IMREAL(K11) -> #REF! | N11: =-IMAGINARY(K11) -> #REF! | O11: =IMREAL(L11) -> #REF! | P11: =IMAGINARY(L11) -> #REF! | S11: =Reflection!A11 -> #REF! | T11: =IMSUM(2.7,IMDIV(25.93,IMSUM(1,IMPOWER(IMPRODUCT($U$1,2*PI()*S11,0.00000000009441),0.956))),IMDIV(1.44,IMSUM(1,IMPRODUCT($U$1,2*PI()*S11*0.00000000000891))),IMDIV(1.28,IMSUM(1,IMPRODUCT($U$1,2*PI()*S11*0.00000000000139)))) -> #REF! | U11: =IMPRODUCT(IMPRODUCT(T11,$U$1),2*PI()*S11*0.0000000000088542) -> #REF! | V11: =IMREAL(T11) -> #REF! | W11: =-IMAGINARY(T11) -> #REF! | X11: =IMREAL(U11) -> #REF! | Y11: =IMAGINARY(U11) -> #REF! | AB11: =Reflection!A11 -> #REF! | AC11: =IMSUM($AD$1,IMSUM(IMDIV(($AE$1-$AD$1),IMSUM(IMPOWER(IMPRODUCT($AJ$1,2*PI()*AB11*$AF$1),(1-$AG$1)),1)),IMDIV($AH$1,IMPRODUCT($AJ$1,2*PI()*AB11*0.000000000008854)))) -> #REF! | AD11: =IMPRODUCT(IMPRODUCT(AC11,$AJ$1),2*PI()*AB11*0.000000000008854) -> #REF! | AE11: =IMREAL(AC11) -> #REF! | AF11: =-IMAGINARY(AC11) -> #REF! | AG11: =IMREAL(AD11) -> #REF! | AH11: =IMAGINARY(AD11) -> #REF! | AK11: =Reflection!A11 -> #REF! | AL11: =IMSUM(4.1,IMDIV((78.4-4.1),IMSUM(IMPRODUCT($AM$1,2*PI()*AK11*0.0000000000083),1))) -> #REF! | AM11: =IMPRODUCT(IMPRODUCT(AL11,$AM$1),2*PI()*AK11*0.000000000008854) -> #REF! | AN11: =IMREAL(AL11) -> #REF! | AO11: =-IMAGINARY(AL11) -> #REF! | AP11: =IMREAL(AM11) -> #REF! | AQ11: =IMAGINARY(AM11) -> #REF!
A12: =Reflection!A12 -> #REF! | B12: =IMSUM(4.1,IMDIV((78.4-4.1),IMSUM(IMPRODUCT($C$1,2*PI()*A12*0.0000000000083),1))) -> #REF! | C12: =IMPRODUCT(IMPRODUCT(B12,$C$1),2*PI()*A12*0.000000000008854) -> #REF! | D12: =IMREAL(B12) -> #REF! | E12: =-IMAGINARY(B12) -> #REF! | F12: =IMREAL(C12) -> #REF! | G12: =IMAGINARY(C12) -> #REF! | J12: =Reflection!A12 -> #REF! | K12: =IMSUM(2.6,IMDIV(19.94,IMSUM(1,IMPOWER(IMPRODUCT($L$1,2*PI()*J12,0.0000000001649),1))),IMDIV(0.74,IMSUM(1,IMPRODUCT($L$1,2*PI()*J12*0.0000000000104))),IMDIV(1.19,IMSUM(1,IMPRODUCT($L$1,2*PI()*J12*0.00000000000169)))) -> #REF! | L12: =IMPRODUCT(IMPRODUCT(K12,$L$1),2*PI()*J12*0.0000000000088542) -> #REF! | M12: =IMREAL(K12) -> #REF! | N12: =-IMAGINARY(K12) -> #REF! | O12: =IMREAL(L12) -> #REF! | P12: =IMAGINARY(L12) -> #REF! | S12: =Reflection!A12 -> #REF! | T12: =IMSUM(2.7,IMDIV(25.93,IMSUM(1,IMPOWER(IMPRODUCT($U$1,2*PI()*S12,0.00000000009441),0.956))),IMDIV(1.44,IMSUM(1,IMPRODUCT($U$1,2*PI()*S12*0.00000000000891))),IMDIV(1.28,IMSUM(1,IMPRODUCT($U$1,2*PI()*S12*0.00000000000139)))) -> #REF! | U12: =IMPRODUCT(IMPRODUCT(T12,$U$1),2*PI()*S12*0.0000000000088542) -> #REF! | V12: =IMREAL(T12) -> #REF! | W12: =-IMAGINARY(T12) -> #REF! | X12: =IMREAL(U12) -> #REF! | Y12: =IMAGINARY(U12) -> #REF! | AB12: =Reflection!A12 -> #REF! | AC12: =IMSUM($AD$1,IMSUM(IMDIV(($AE$1-$AD$1),IMSUM(IMPOWER(IMPRODUCT($AJ$1,2*PI()*AB12*$AF$1),(1-$AG$1)),1)),IMDIV($AH$1,IMPRODUCT($AJ$1,2*PI()*AB12*0.000000000008854)))) -> #REF! | AD12: =IMPRODUCT(IMPRODUCT(AC12,$AJ$1),2*PI()*AB12*0.000000000008854) -> #REF! | AE12: =IMREAL(AC12) -> #REF! | AF12: =-IMAGINARY(AC12) -> #REF! | AG12: =IMREAL(AD12) -> #REF! | AH12: =IMAGINARY(AD12) -> #REF! | AK12: =Reflection!A12 -> #REF! | AL12: =IMSUM(4.1,IMDIV((78.4-4.1),IMSUM(IMPRODUCT($AM$1,2*PI()*AK12*0.0000000000083),1))) -> #REF! | AM12: =IMPRODUCT(IMPRODUCT(AL12,$AM$1),2*PI()*AK12*0.000000000008854) -> #REF! | AN12: =IMREAL(AL12) -> #REF! | AO12: =-IMAGINARY(AL12) -> #REF! | AP12: =IMREAL(AM12) -> #REF! | AQ12: =IMAGINARY(AM12) -> #REF!
A13: =Reflection!A13 -> #REF! | B13: =IMSUM(4.1,IMDIV((78.4-4.1),IMSUM(IMPRODUCT($C$1,2*PI()*A13*0.0000000000083),1))) -> #REF! | C13: =IMPRODUCT(IMPRODUCT(B13,$C$1),2*PI()*A13*0.000000000008854) -> #REF! | D13: =IMREAL(B13) -> #REF! | E13: =-IMAGINARY(B13) -> #REF! | F13: =IMREAL(C13) -> #REF! | G13: =IMAGINARY(C13) -> #REF! | J13: =Reflection!A13 -> #REF! | K13: =IMSUM(2.6,IMDIV(19.94,IMSUM(1,IMPOWER(IMPRODUCT($L$1,2*PI()*J13,0.0000000001649),1))),IMDIV(0.74,IMSUM(1,IMPRODUCT($L$1,2*PI()*J13*0.0000000000104))),IMDIV(1.19,IMSUM(1,IMPRODUCT($L$1,2*PI()*J13*0.00000000000169)))) -> #REF! | L13: =IMPRODUCT(IMPRODUCT(K13,$L$1),2*PI()*J13*0.0000000000088542) -> #REF! | M13: =IMREAL(K13) -> #REF! | N13: =-IMAGINARY(K13) -> #REF! | O13: =IMREAL(L13) -> #REF! | P13: =IMAGINARY(L13) -> #REF! | S13: =Reflection!A13 -> #REF! | T13: =IMSUM(2.7,IMDIV(25.93,IMSUM(1,IMPOWER(IMPRODUCT($U$1,2*PI()*S13,0.00000000009441),0.956))),IMDIV(1.44,IMSUM(1,IMPRODUCT($U$1,2*PI()*S13*0.00000000000891))),IMDIV(1.28,IMSUM(1,IMPRODUCT($U$1,2*PI()*S13*0.00000000000139)))) -> #REF! | U13: =IMPRODUCT(IMPRODUCT(T13,$U$1),2*PI()*S13*0.0000000000088542) -> #REF! | V13: =IMREAL(T13) -> #REF! | W13: =-IMAGINARY(T13) -> #REF! | X13: =IMREAL(U13) -> #REF! | Y13: =IMAGINARY(U13) -> #REF! | AB13: =Reflection!A13 -> #REF! | AC13: =IMSUM($AD$1,IMSUM(IMDIV(($AE$1-$AD$1),IMSUM(IMPOWER(IMPRODUCT($AJ$1,2*PI()*AB13*$AF$1),(1-$AG$1)),1)),IMDIV($AH$1,IMPRODUCT($AJ$1,2*PI()*AB13*0.000000000008854)))) -> #REF! | AD13: =IMPRODUCT(IMPRODUCT(AC13,$AJ$1),2*PI()*AB13*0.000000000008854) -> #REF! | AE13: =IMREAL(AC13) -> #REF! | AF13: =-IMAGINARY(AC13) -> #REF! | AG13: =IMREAL(AD13) -> #REF! | AH13: =IMAGINARY(AD13) -> #REF! | AK13: =Reflection!A13 -> #REF! | AL13: =IMSUM(4.1,IMDIV((78.4-4.1),IMSUM(IMPRODUCT($AM$1,2*PI()*AK13*0.0000000000083),1))) -> #REF! | AM13: =IMPRODUCT(IMPRODUCT(AL13,$AM$1),2*PI()*AK13*0.000000000008854) -> #REF! | AN13: =IMREAL(AL13) -> #REF! | AO13: =-IMAGINARY(AL13) -> #REF! | AP13: =IMREAL(AM13) -> #REF! | AQ13: =IMAGINARY(AM13) -> #REF!
A14: =Reflection!A14 -> #REF! | B14: =IMSUM(4.1,IMDIV((78.4-4.1),IMSUM(IMPRODUCT($C$1,2*PI()*A14*0.0000000000083),1))) -> #REF! | C14: =IMPRODUCT(IMPRODUCT(B14,$C$1),2*PI()*A14*0.000000000008854) -> #REF! | D14: =IMREAL(B14) -> #REF! | E14: =-IMAGINARY(B14) -> #REF! | F14: =IMREAL(C14) -> #REF! | G14: =IMAGINARY(C14) -> #REF! | J14: =Reflection!A14 -> #REF! | K14: =IMSUM(2.6,IMDIV(19.94,IMSUM(1,IMPOWER(IMPRODUCT($L$1,2*PI()*J14,0.0000000001649),1))),IMDIV(0.74,IMSUM(1,IMPRODUCT($L$1,2*PI()*J14*0.0000000000104))),IMDIV(1.19,IMSUM(1,IMPRODUCT($L$1,2*PI()*J14*0.00000000000169)))) -> #REF! | L14: =IMPRODUCT(IMPRODUCT(K14,$L$1),2*PI()*J14*0.0000000000088542) -> #REF! | M14: =IMREAL(K14) -> #REF! | N14: =-IMAGINARY(K14) -> #REF! | O14: =IMREAL(L14) -> #REF! | P14: =IMAGINARY(L14) -> #REF! | S14: =Reflection!A14 -> #REF! | T14: =IMSUM(2.7,IMDIV(25.93,IMSUM(1,IMPOWER(IMPRODUCT($U$1,2*PI()*S14,0.00000000009441),0.956))),IMDIV(1.44,IMSUM(1,IMPRODUCT($U$1,2*PI()*S14*0.00000000000891))),IMDIV(1.28,IMSUM(1,IMPRODUCT($U$1,2*PI()*S14*0.00000000000139)))) -> #REF! | U14: =IMPRODUCT(IMPRODUCT(T14,$U$1),2*PI()*S14*0.0000000000088542) -> #REF! | V14: =IMREAL(T14) -> #REF! | W14: =-IMAGINARY(T14) -> #REF! | X14: =IMREAL(U14) -> #REF! | Y14: =IMAGINARY(U14) -> #REF! | AB14: =Reflection!A14 -> #REF! | AC14: =IMSUM($AD$1,IMSUM(IMDIV(($AE$1-$AD$1),IMSUM(IMPOWER(IMPRODUCT($AJ$1,2*PI()*AB14*$AF$1),(1-$AG$1)),1)),IMDIV($AH$1,IMPRODUCT($AJ$1,2*PI()*AB14*0.000000000008854)))) -> #REF! | AD14: =IMPRODUCT(IMPRODUCT(AC14,$AJ$1),2*PI()*AB14*0.000000000008854) -> #REF! | AE14: =IMREAL(AC14) -> #REF! | AF14: =-IMAGINARY(AC14) -> #REF! | AG14: =IMREAL(AD14) -> #REF! | AH14: =IMAGINARY(AD14) -> #REF! | AK14: =Reflection!A14 -> #REF! | AL14: =IMSUM(4.1,IMDIV((78.4-4.1),IMSUM(IMPRODUCT($AM$1,2*PI()*AK14*0.0000000000083),1))) -> #REF! | AM14: =IMPRODUCT(IMPRODUCT(AL14,$AM$1),2*PI()*AK14*0.000000000008854) -> #REF! | AN14: =IMREAL(AL14) -> #REF! | AO14: =-IMAGINARY(AL14) -> #REF! | AP14: =IMREAL(AM14) -> #REF! | AQ14: =IMAGINARY(AM14) -> #REF!
... A202: =Reflection!A202 -> #REF! | B202: =IMSUM(4.1,IMDIV((78.4-4.1),IMSUM(IMPRODUCT($C$1,2*PI()*A202*0.0000000000083),1))) -> #REF! | C202: =IMPRODUCT(IMPRODUCT(B202,$C$1),2*PI()*A202*0.000000000008854) -> #REF! | D202: =IMREAL(B202) -> #REF! | E202: =-IMAGINARY(B202) -> #REF! | F202: =IMREAL(C202) -> #REF! | G202: =IMAGINARY(C202) -> #REF! | J202: =Reflection!A202 -> #REF! | K202: =IMSUM(2.6,IMDIV(19.94,IMSUM(1,IMPOWER(IMPRODUCT($L$1,2*PI()*J202,0.0000000001649),1))),IMDIV(0.74,IMSUM(1,IMPRODUCT($L$1,2*PI()*J202*0.0000000000104))),IMDIV(1.19,IMSUM(1,IMPRODUCT($L$1,2*PI()*J202*0.00000000000169)))) -> #REF! | L202: =IMPRODUCT(IMPRODUCT(K202,$L$1),2*PI()*J202*0.0000000000088542) -> #REF! | M202: =IMREAL(K202) -> #REF! | N202: =-IMAGINARY(K202) -> #REF! | O202: =IMREAL(L202) -> #REF! | P202: =IMAGINARY(L202) -> #REF! | S202: =Reflection!A202 -> #REF! | T202: =IMSUM(2.7,IMDIV(25.93,IMSUM(1,IMPOWER(IMPRODUCT($U$1,2*PI()*S202,0.00000000009441),0.956))),IMDIV(1.44,IMSUM(1,IMPRODUCT($U$1,2*PI()*S202*0.00000000000891))),IMDIV(1.28,IMSUM(1,IMPRODUCT($U$1,2*PI()*S202*0.00000000000139)))) -> #REF! | U202: =IMPRODUCT(IMPRODUCT(T202,$U$1),2*PI()*S202*0.0000000000088542) -> #REF! | V202: =IMREAL(T202) -> #REF! | W202: =-IMAGINARY(T202) -> #REF! | X202: =IMREAL(U202) -> #REF! | Y202: =IMAGINARY(U202) -> #REF! | AB202: =Reflection!A202 -> #REF! | AC202: =IMSUM($AD$1,IMSUM(IMDIV(($AE$1-$AD$1),IMSUM(IMPOWER(IMPRODUCT($AJ$1,2*PI()*AB202*$AF$1),(1-$AG$1)),1)),IMDIV($AH$1,IMPRODUCT($AJ$1,2*PI()*AB202*0.000000000008854)))) -> #REF! | AD202: =IMPRODUCT(IMPRODUCT(AC202,$AJ$1),2*PI()*AB202*0.000000000008854) -> #REF! | AE202: =IMREAL(AC202) -> #REF! | AF202: =-IMAGINARY(AC202) -> #REF! | AG202: =IMREAL(AD202) -> #REF! | AH202: =IMAGINARY(AD202) -> #REF! | AK202: =Reflection!A202 -> #REF! | AL202: =IMSUM(4.1,IMDIV((78.4-4.1),IMSUM(IMPRODUCT($AM$1,2*PI()*AK202*0.0000000000083),1))) -> #REF! | AM202: =IMPRODUCT(IMPRODUCT(AL202,$AM$1),2*PI()*AK202*0.000000000008854) -> #REF! | AN202: =IMREAL(AL202) -> #REF! | AO202: =-IMAGINARY(AL202) -> #REF! | AP202: =IMREAL(AM202) -> #REF! | AQ202: =IMAGINARY(AM202) -> #REF!

Sheet Permitivity bank
A1: Water | B1: Unit | C1: 0+1i | J1: =Reflection!I1 -> #REF! | T1: Ethanol 0.9 | AD1: Ethanol 0.7 | AN1: Ethanol 0.5 | AX1: Ethanol 0.3 | BG1: 0.16 | BH1: NaCl | BI1: 25 | BJ1: =5.77-0.0274*BI1 -> 5.085 | BK1: =(10^(1.94404-BI1*0.001991))*(1-0.0003742*BI1*BG1+0.034*(BG1^2)-0.178*BG1+BI1*0.0001515-0.000004929*(BI1^2)) -> 76.164522 | BL1: =(0.000000000000003745*(1+(0.00007)*(BI1-27.5)^2)*EXP(2295.7/(BI1+273.15)))*(1.012-BI1*BG1*0.005282+0.032*(BG1^2)-0.01*BG1-BI1*0.001724+0.00003766*(BI1^2)) -> 8.0285583e-12 | BM1: =-0.0006348*BI1*BG1-0.051*(BG1^2)+0.09*BG1 -> 0.0105552 | BN1: =0.174*BI1*BG1-1.582*(BG1^2)+5.923*BG1 -> 1.6031808 | BO1: Unit | BP1: 0+1i | BR1: NaCl 0.1mol/L
A2: Frequency[Hz] | B2: permittivity | C2: conductivity | D2: permittivity RE | E2: permittivity IM | F2: conductivity RE | G2: conductivity IM | J2: Frequency[Hz] | K2: Unit | L2: permittivity | M2: conductivity | N2: permittivity RE | O2: permittivity IM | P2: conductivity RE | Q2: conductivity IM | T2: Frequency[Hz] | U2: Unit | V2: permittivity | W2: conductivity | X2: permittivity RE | Y2: permittivity IM | Z2: conductivity RE | AA2: conductivity IM | AD2: Frequency[Hz] | AE2: Unit | AF2: permittivity | AG2: conductivity | AH2: permittivity RE | AI2: permittivity IM | AJ2: conductivity RE | AK2: conductivity IM | AN2: Frequency[Hz] | AO2: Unit | AP2: permittivity | AQ2: conductivity | AR2: permittivity RE | AS2: permittivity IM | AT2: conductivity RE | AU2: conductivity IM | AX2: Frequency[Hz] | AY2: Unit | AZ2: permittivity | BA2: conductivity | BB2: permittivity RE | BC2: permittivity IM | BD2: conductivity RE | BE2: conductivity IM | BH2: Frequency[Hz] | BI2: permittivity | BJ2: conductivity | BK2: permittivity RE | BL2: permittivity IM | BM2: conductivity RE | BN2: conductivity IM | BR2: Frequency[Hz] | BS2: Unit | BT2: permittivity | BU2: conductivity | BV2: permittivity RE | BW2: permittivity IM | BX2: conductivity RE | BY2: conductivity IM
A3: =Reflection!A3 -> #REF! | B3: =IMSUM(4.1,IMDIV((78.4-4.1),IMSUM(IMPRODUCT($C$1,2*PI()*A3*0.0000000000083),1))) -> #REF! | C3: =IMPRODUCT(IMPRODUCT(B3,$C$1),2*PI()*A3*0.000000000008854) -> #REF! | D3: =IMREAL(B3) -> #REF! | E3: =-IMAGINARY(B3) -> #REF! | F3: =IMREAL(C3) -> #REF! | G3: =IMAGINARY(C3) -> #REF! | J3: =Reflection!A3 -> #REF! | K3: 0+1i | L3: =IMSUM(2.6,IMDIV(19.94,IMSUM(1,IMPOWER(IMPRODUCT(K3,2*PI()*J3,0.0000000001649),1))),IMDIV(0.74,IMSUM(1,IMPRODUCT(K3,2*PI()*J3*0.0000000000104))),IMDIV(1.19,IMSUM(1,IMPRODUCT(K3,2*PI()*J3*0.00000000000169)))) -> #REF! | M3: =IMPRODUCT(IMPRODUCT(L3,K3),2*PI()*J3*0.0000000000088542) -> #REF! | N3: =IMREAL(L3) -> #REF! | O3: =-IMAGINARY(L3) -> #REF! | P3: =IMREAL(M3) -> #REF! | Q3: =IMAGINARY(M3) -> #REF! | T3: =Reflection!A3 -> #REF! | U3: 0+1i | V3: =IMSUM(2.68,IMDIV(21.73,IMSUM(1,IMPOWER(IMPRODUCT(U3,2*PI()*T3,0.0000000001422),0.988))),IMDIV(0.77,IMSUM(1,IMPRODUCT(U3,2*PI()*T3*0.00000000000957))),IMDIV(1.32,IMSUM(1,IMPRODUCT(U3,2*PI()*T3*0.00000000000197)))) -> #REF! | W3: =IMPRODUCT(IMPRODUCT(V3,U3),2*PI()*T3*0.0000000000088542) -> #REF! | X3: =IMREAL(V3) -> #REF! | Y3: =-IMAGINARY(V3) -> #REF! | Z3: =IMREAL(W3) -> #REF! | AA3: =IMAGINARY(W3) -> #REF! | AD3: =Reflection!A3 -> #REF! | AE3: 0+1i | AF3: =IMSUM(2.7,IMDIV(25.93,IMSUM(1,IMPOWER(IMPRODUCT(AE3,2*PI()*AD3,0.00000000009441),0.956))),IMDIV(1.44,IMSUM(1,IMPRODUCT(AE3,2*PI()*AD3*0.00000000000891))),IMDIV(1.28,IMSUM(1,IMPRODUCT(AE3,2*PI()*AD3*0.00000000000139)))) -> #REF! | AG3: =IMPRODUCT(IMPRODUCT(AF3,AE3),2*PI()*AD3*0.0000000000088542) -> #REF! | AH3: =IMREAL(AF3) -> #REF! | AI3: =-IMAGINARY(AF3) -> #REF! | AJ3: =IMREAL(AG3) -> #REF! | AK3: =IMAGINARY(AG3) -> #REF! | AN3: =Reflection!A3 -> #REF! | AO3: 0+1i | AP3: =IMSUM(2.87,IMDIV(31.07,IMSUM(1,IMPOWER(IMPRODUCT(AO3,2*PI()*AN3,0.00000000005957),0.934))),IMDIV(1.79,IMSUM(1,IMPRODUCT(AO3,2*PI()*AN3*0.0000000000095))),IMDIV(1.21,IMSUM(1,IMPRODUCT(AO3,2*PI()*AN3*0.00000000000108)))) -> #REF! | AQ3: =IMPRODUCT(IMPRODUCT(AP3,AO3),2*PI()*AN3*0.0000000000088542) -> #REF! | AR3: =IMREAL(AP3) -> #REF! | AS3: =-IMAGINARY(AP3) -> #REF! | AT3: =IMREAL(AQ3) -> #REF! | AU3: =IMAGINARY(AQ3) -> #REF! | AX3: =Reflection!A3 -> #REF! | AY3: 0+1i | AZ3: =IMSUM(3.14,IMDIV(42.45,IMSUM(1,IMPOWER(IMPRODUCT(AY3,2*PI()*AX3,0.00000000003598),0.94))),IMDIV(0.86,IMSUM(1,IMPRODUCT(AY3,2*PI()*AX3*0.00000000000744))),IMDIV(1.49,IMSUM(1,IMPRODUCT(AY3,2*PI()*AX3*0.00000000000125)))) -> #REF! | BA3: =IMPRODUCT(IMPRODUCT(AZ3,AY3),2*PI()*AX3*0.0000000000088542) -> #REF! | BB3: =IMREAL(AZ3) -> #REF! | BC3: =-IMAGINARY(AZ3) -> #REF! | BD3: =IMREAL(BA3) -> #REF! | BE3: =IMAGINARY(BA3) -> #REF! | BH3: =Reflection!A3 -> #REF! | BI3: =IMSUM($BJ$1,IMSUM(IMDIV(($BK$1-$BJ$1),IMSUM(IMPOWER(IMPRODUCT($BP$1,2*PI()*BH3*$BL$1),(1-$BM$1)),1)),IMDIV($BN$1,IMPRODUCT($BP$1,2*PI()*BH3*0.000000000008854)))) -> #REF! | BJ3: =IMPRODUCT(IMPRODUCT(BI3,$BP$1),2*PI()*BH3*0.000000000008854) -> #REF! | BK3: =IMREAL(BI3) -> #REF! | BL3: =-IMAGINARY(BI3) -> #REF! | BM3: =IMREAL(BJ3) -> #REF! | BN3: =IMAGINARY(BJ3) -> #REF! | BR3: =Reflection!A3 -> #REF! | BS3: 0+1i | BT3: =IMSUM(4.1,IMDIV((78.4-4.1),IMSUM(IMPRODUCT(BS3,2*PI()*BR3*0.0000000000083),1))) -> #REF! | BU3: =IMPRODUCT(IMPRODUCT(BT3,BS3),2*PI()*BR3*0.000000000008854) -> #REF! | BV3: =IMREAL(BT3) -> #REF! | BW3: =-IMAGINARY(BT3) -> #REF! | BX3: =IMREAL(BU3) -> #REF! | BY3: =IMAGINARY(BU3) -> #REF!
A4: =Reflection!A4 -> #REF! | B4: =IMSUM(4.1,IMDIV((78.4-4.1),IMSUM(IMPRODUCT($C$1,2*PI()*A4*0.0000000000083),1))) -> #REF! | C4: =IMPRODUCT(IMPRODUCT(B4,$C$1),2*PI()*A4*0.000000000008854) -> #REF! | D4: =IMREAL(B4) -> #REF! | E4: =-IMAGINARY(B4) -> #REF! | F4: =IMREAL(C4) -> #REF! | G4: =IMAGINARY(C4) -> #REF! | J4: =Reflection!A4 -> #REF! | K4: 0+1i | L4: =IMSUM(2.6,IMDIV(19.94,IMSUM(1,IMPOWER(IMPRODUCT(K4,2*PI()*J4,0.0000000001649),1))),IMDIV(0.74,IMSUM(1,IMPRODUCT(K4,2*PI()*J4*0.0000000000104))),IMDIV(1.19,IMSUM(1,IMPRODUCT(K4,2*PI()*J4*0.00000000000169)))) -> #REF! | M4: =IMPRODUCT(IMPRODUCT(L4,K4),2*PI()*J4*0.0000000000088542) -> #REF! | N4: =IMREAL(L4) -> #REF! | O4: =-IMAGINARY(L4) -> #REF! | P4: =IMREAL(M4) -> #REF! | Q4: =IMAGINARY(M4) -> #REF! | T4: =Reflection!A4 -> #REF! | U4: 0+1i | V4: =IMSUM(2.68,IMDIV(21.73,IMSUM(1,IMPOWER(IMPRODUCT(U4,2*PI()*T4,0.0000000001422),0.988))),IMDIV(0.77,IMSUM(1,IMPRODUCT(U4,2*PI()*T4*0.00000000000957))),IMDIV(1.32,IMSUM(1,IMPRODUCT(U4,2*PI()*T4*0.00000000000197)))) -> #REF! | W4: =IMPRODUCT(IMPRODUCT(V4,U4),2*PI()*T4*0.0000000000088542) -> #REF! | X4: =IMREAL(V4) -> #REF! | Y4: =-IMAGINARY(V4) -> #REF! | Z4: =IMREAL(W4) -> #REF! | AA4: =IMAGINARY(W4) -> #REF! | AD4: =Reflection!A4 -> #REF! | AE4: 0+1i | AF4: =IMSUM(2.7,IMDIV(25.93,IMSUM(1,IMPOWER(IMPRODUCT(AE4,2*PI()*AD4,0.00000000009441),0.956))),IMDIV(1.44,IMSUM(1,IMPRODUCT(AE4,2*PI()*AD4*0.00000000000891))),IMDIV(1.28,IMSUM(1,IMPRODUCT(AE4,2*PI()*AD4*0.00000000000139)))) -> #REF! | AG4: =IMPRODUCT(IMPRODUCT(AF4,AE4),2*PI()*AD4*0.0000000000088542) -> #REF! | AH4: =IMREAL(AF4) -> #REF! | AI4: =-IMAGINARY(AF4) -> #REF! | AJ4: =IMREAL(AG4) -> #REF! | AK4: =IMAGINARY(AG4) -> #REF! | AN4: =Reflection!A4 -> #REF! | AO4: 0+1i | AP4: =IMSUM(2.87,IMDIV(31.07,IMSUM(1,IMPOWER(IMPRODUCT(AO4,2*PI()*AN4,0.00000000005957),0.934))),IMDIV(1.79,IMSUM(1,IMPRODUCT(AO4,2*PI()*AN4*0.0000000000095))),IMDIV(1.21,IMSUM(1,IMPRODUCT(AO4,2*PI()*AN4*0.00000000000108)))) -> #REF! | AQ4: =IMPRODUCT(IMPRODUCT(AP4,AO4),2*PI()*AN4*0.0000000000088542) -> #REF! | AR4: =IMREAL(AP4) -> #REF! | AS4: =-IMAGINARY(AP4) -> #REF! | AT4: =IMREAL(AQ4) -> #REF! | AU4: =IMAGINARY(AQ4) -> #REF! | AX4: =Reflection!A4 -> #REF! | AY4: 0+1i | AZ4: =IMSUM(3.14,IMDIV(42.45,IMSUM(1,IMPOWER(IMPRODUCT(AY4,2*PI()*AX4,0.00000000003598),0.94))),IMDIV(0.86,IMSUM(1,IMPRODUCT(AY4,2*PI()*AX4*0.00000000000744))),IMDIV(1.49,IMSUM(1,IMPRODUCT(AY4,2*PI()*AX4*0.00000000000125)))) -> #REF! | BA4: =IMPRODUCT(IMPRODUCT(AZ4,AY4),2*PI()*AX4*0.0000000000088542) -> #REF! | BB4: =IMREAL(AZ4) -> #REF! | BC4: =-IMAGINARY(AZ4) -> #REF! | BD4: =IMREAL(BA4) -> #REF! | BE4: =IMAGINARY(BA4) -> #REF! | BH4: =Reflection!A4 -> #REF! | BI4: =IMSUM($BJ$1,IMSUM(IMDIV(($BK$1-$BJ$1),IMSUM(IMPOWER(IMPRODUCT($BP$1,2*PI()*BH4*$BL$1),(1-$BM$1)),1)),IMDIV($BN$1,IMPRODUCT($BP$1,2*PI()*BH4*0.000000000008854)))) -> #REF! | BJ4: =IMPRODUCT(IMPRODUCT(BI4,$BP$1),2*PI()*BH4*0.000000000008854) -> #REF! | BK4: =IMREAL(BI4) -> #REF! | BL4: =-IMAGINARY(BI4) -> #REF! | BM4: =IMREAL(BJ4) -> #REF! | BN4: =IMAGINARY(BJ4) -> #REF! | BR4: =Reflection!A4 -> #REF! | BS4: 0+1i | BT4: =IMSUM(4.1,IMDIV((78.4-4.1),IMSUM(IMPRODUCT(BS4,2*PI()*BR4*0.0000000000083),1))) -> #REF! | BU4: =IMPRODUCT(IMPRODUCT(BT4,BS4),2*PI()*BR4*0.000000000008854) -> #REF! | BV4: =IMREAL(BT4) -> #REF! | BW4: =-IMAGINARY(BT4) -> #REF! | BX4: =IMREAL(BU4) -> #REF! | BY4: =IMAGINARY(BU4) -> #REF!
A5: =Reflection!A5 -> #REF! | B5: =IMSUM(4.1,IMDIV((78.4-4.1),IMSUM(IMPRODUCT($C$1,2*PI()*A5*0.0000000000083),1))) -> #REF! | C5: =IMPRODUCT(IMPRODUCT(B5,$C$1),2*PI()*A5*0.000000000008854) -> #REF! | D5: =IMREAL(B5) -> #REF! | E5: =-IMAGINARY(B5) -> #REF! | F5: =IMREAL(C5) -> #REF! | G5: =IMAGINARY(C5) -> #REF! | J5: =Reflection!A5 -> #REF! | K5: 0+1i | L5: =IMSUM(2.6,IMDIV(19.94,IMSUM(1,IMPOWER(IMPRODUCT(K5,2*PI()*J5,0.0000000001649),1))),IMDIV(0.74,IMSUM(1,IMPRODUCT(K5,2*PI()*J5*0.0000000000104))),IMDIV(1.19,IMSUM(1,IMPRODUCT(K5,2*PI()*J5*0.00000000000169)))) -> #REF! | M5: =IMPRODUCT(IMPRODUCT(L5,K5),2*PI()*J5*0.0000000000088542) -> #REF! | N5: =IMREAL(L5) -> #REF! | O5: =-IMAGINARY(L5) -> #REF! | P5: =IMREAL(M5) -> #REF! | Q5: =IMAGINARY(M5) -> #REF! | T5: =Reflection!A5 -> #REF! | U5: 0+1i | V5: =IMSUM(2.68,IMDIV(21.73,IMSUM(1,IMPOWER(IMPRODUCT(U5,2*PI()*T5,0.0000000001422),0.988))),IMDIV(0.77,IMSUM(1,IMPRODUCT(U5,2*PI()*T5*0.00000000000957))),IMDIV(1.32,IMSUM(1,IMPRODUCT(U5,2*PI()*T5*0.00000000000197)))) -> #REF! | W5: =IMPRODUCT(IMPRODUCT(V5,U5),2*PI()*T5*0.0000000000088542) -> #REF! | X5: =IMREAL(V5) -> #REF! | Y5: =-IMAGINARY(V5) -> #REF! | Z5: =IMREAL(W5) -> #REF! | AA5: =IMAGINARY(W5) -> #REF! | AD5: =Reflection!A5 -> #REF! | AE5: 0+1i | AF5: =IMSUM(2.7,IMDIV(25.93,IMSUM(1,IMPOWER(IMPRODUCT(AE5,2*PI()*AD5,0.00000000009441),0.956))),IMDIV(1.44,IMSUM(1,IMPRODUCT(AE5,2*PI()*AD5*0.00000000000891))),IMDIV(1.28,IMSUM(1,IMPRODUCT(AE5,2*PI()*AD5*0.00000000000139)))) -> #REF! | AG5: =IMPRODUCT(IMPRODUCT(AF5,AE5),2*PI()*AD5*0.0000000000088542) -> #REF! | AH5: =IMREAL(AF5) -> #REF! | AI5: =-IMAGINARY(AF5) -> #REF! | AJ5: =IMREAL(AG5) -> #REF! | AK5: =IMAGINARY(AG5) -> #REF! | AN5: =Reflection!A5 -> #REF! | AO5: 0+1i | AP5: =IMSUM(2.87,IMDIV(31.07,IMSUM(1,IMPOWER(IMPRODUCT(AO5,2*PI()*AN5,0.00000000005957),0.934))),IMDIV(1.79,IMSUM(1,IMPRODUCT(AO5,2*PI()*AN5*0.0000000000095))),IMDIV(1.21,IMSUM(1,IMPRODUCT(AO5,2*PI()*AN5*0.00000000000108)))) -> #REF! | AQ5: =IMPRODUCT(IMPRODUCT(AP5,AO5),2*PI()*AN5*0.0000000000088542) -> #REF! | AR5: =IMREAL(AP5) -> #REF! | AS5: =-IMAGINARY(AP5) -> #REF! | AT5: =IMREAL(AQ5) -> #REF! | AU5: =IMAGINARY(AQ5) -> #REF! | AX5: =Reflection!A5 -> #REF! | AY5: 0+1i | AZ5: =IMSUM(3.14,IMDIV(42.45,IMSUM(1,IMPOWER(IMPRODUCT(AY5,2*PI()*AX5,0.00000000003598),0.94))),IMDIV(0.86,IMSUM(1,IMPRODUCT(AY5,2*PI()*AX5*0.00000000000744))),IMDIV(1.49,IMSUM(1,IMPRODUCT(AY5,2*PI()*AX5*0.00000000000125)))) -> #REF! | BA5: =IMPRODUCT(IMPRODUCT(AZ5,AY5),2*PI()*AX5*0.0000000000088542) -> #REF! | BB5: =IMREAL(AZ5) -> #REF! | BC5: =-IMAGINARY(AZ5) -> #REF! | BD5: =IMREAL(BA5) -> #REF! | BE5: =IMAGINARY(BA5) -> #REF! | BH5: =Reflection!A5 -> #REF! | BI5: =IMSUM($BJ$1,IMSUM(IMDIV(($BK$1-$BJ$1),IMSUM(IMPOWER(IMPRODUCT($BP$1,2*PI()*BH5*$BL$1),(1-$BM$1)),1)),IMDIV($BN$1,IMPRODUCT($BP$1,2*PI()*BH5*0.000000000008854)))) -> #REF! | BJ5: =IMPRODUCT(IMPRODUCT(BI5,$BP$1),2*PI()*BH5*0.000000000008854) -> #REF! | BK5: =IMREAL(BI5) -> #REF! | BL5: =-IMAGINARY(BI5) -> #REF! | BM5: =IMREAL(BJ5) -> #REF! | BN5: =IMAGINARY(BJ5) -> #REF! | BR5: =Reflection!A5 -> #REF! | BS5: 0+1i | BT5: =IMSUM(4.1,IMDIV((78.4-4.1),IMSUM(IMPRODUCT(BS5,2*PI()*BR5*0.0000000000083),1))) -> #REF! | BU5: =IMPRODUCT(IMPRODUCT(BT5,BS5),2*PI()*BR5*0.000000000008854) -> #REF! | BV5: =IMREAL(BT5) -> #REF! | BW5: =-IMAGINARY(BT5) -> #REF! | BX5: =IMREAL(BU5) -> #REF! | BY5: =IMAGINARY(BU5) -> #REF!
A6: =Reflection!A6 -> #REF! | B6: =IMSUM(4.1,IMDIV((78.4-4.1),IMSUM(IMPRODUCT($C$1,2*PI()*A6*0.0000000000083),1))) -> #REF! | C6: =IMPRODUCT(IMPRODUCT(B6,$C$1),2*PI()*A6*0.000000000008854) -> #REF! | D6: =IMREAL(B6) -> #REF! | E6: =-IMAGINARY(B6) -> #REF! | F6: =IMREAL(C6) -> #REF! | G6: =IMAGINARY(C6) -> #REF! | J6: =Reflection!A6 -> #REF! | K6: 0+1i | L6: =IMSUM(2.6,IMDIV(19.94,IMSUM(1,IMPOWER(IMPRODUCT(K6,2*PI()*J6,0.0000000001649),1))),IMDIV(0.74,IMSUM(1,IMPRODUCT(K6,2*PI()*J6*0.0000000000104))),IMDIV(1.19,IMSUM(1,IMPRODUCT(K6,2*PI()*J6*0.00000000000169)))) -> #REF! | M6: =IMPRODUCT(IMPRODUCT(L6,K6),2*PI()*J6*0.0000000000088542) -> #REF! | N6: =IMREAL(L6) -> #REF! | O6: =-IMAGINARY(L6) -> #REF! | P6: =IMREAL(M6) -> #REF! | Q6: =IMAGINARY(M6) -> #REF! | T6: =Reflection!A6 -> #REF! | U6: 0+1i | V6: =IMSUM(2.68,IMDIV(21.73,IMSUM(1,IMPOWER(IMPRODUCT(U6,2*PI()*T6,0.0000000001422),0.988))),IMDIV(0.77,IMSUM(1,IMPRODUCT(U6,2*PI()*T6*0.00000000000957))),IMDIV(1.32,IMSUM(1,IMPRODUCT(U6,2*PI()*T6*0.00000000000197)))) -> #REF! | W6: =IMPRODUCT(IMPRODUCT(V6,U6),2*PI()*T6*0.0000000000088542) -> #REF! | X6: =IMREAL(V6) -> #REF! | Y6: =-IMAGINARY(V6) -> #REF! | Z6: =IMREAL(W6) -> #REF! | AA6: =IMAGINARY(W6) -> #REF! | AD6: =Reflection!A6 -> #REF! | AE6: 0+1i | AF6: =IMSUM(2.7,IMDIV(25.93,IMSUM(1,IMPOWER(IMPRODUCT(AE6,2*PI()*AD6,0.00000000009441),0.956))),IMDIV(1.44,IMSUM(1,IMPRODUCT(AE6,2*PI()*AD6*0.00000000000891))),IMDIV(1.28,IMSUM(1,IMPRODUCT(AE6,2*PI()*AD6*0.00000000000139)))) -> #REF! | AG6: =IMPRODUCT(IMPRODUCT(AF6,AE6),2*PI()*AD6*0.0000000000088542) -> #REF! | AH6: =IMREAL(AF6) -> #REF! | AI6: =-IMAGINARY(AF6) -> #REF! | AJ6: =IMREAL(AG6) -> #REF! | AK6: =IMAGINARY(AG6) -> #REF! | AN6: =Reflection!A6 -> #REF! | AO6: 0+1i | AP6: =IMSUM(2.87,IMDIV(31.07,IMSUM(1,IMPOWER(IMPRODUCT(AO6,2*PI()*AN6,0.00000000005957),0.934))),IMDIV(1.79,IMSUM(1,IMPRODUCT(AO6,2*PI()*AN6*0.0000000000095))),IMDIV(1.21,IMSUM(1,IMPRODUCT(AO6,2*PI()*AN6*0.00000000000108)))) -> #REF! | AQ6: =IMPRODUCT(IMPRODUCT(AP6,AO6),2*PI()*AN6*0.0000000000088542) -> #REF! | AR6: =IMREAL(AP6) -> #REF! | AS6: =-IMAGINARY(AP6) -> #REF! | AT6: =IMREAL(AQ6) -> #REF! | AU6: =IMAGINARY(AQ6) -> #REF! | AX6: =Reflection!A6 -> #REF! | AY6: 0+1i | AZ6: =IMSUM(3.14,IMDIV(42.45,IMSUM(1,IMPOWER(IMPRODUCT(AY6,2*PI()*AX6,0.00000000003598),0.94))),IMDIV(0.86,IMSUM(1,IMPRODUCT(AY6,2*PI()*AX6*0.00000000000744))),IMDIV(1.49,IMSUM(1,IMPRODUCT(AY6,2*PI()*AX6*0.00000000000125)))) -> #REF! | BA6: =IMPRODUCT(IMPRODUCT(AZ6,AY6),2*PI()*AX6*0.0000000000088542) -> #REF! | BB6: =IMREAL(AZ6) -> #REF! | BC6: =-IMAGINARY(AZ6) -> #REF! | BD6: =IMREAL(BA6) -> #REF! | BE6: =IMAGINARY(BA6) -> #REF! | BH6: =Reflection!A6 -> #REF! | BI6: =IMSUM($BJ$1,IMSUM(IMDIV(($BK$1-$BJ$1),IMSUM(IMPOWER(IMPRODUCT($BP$1,2*PI()*BH6*$BL$1),(1-$BM$1)),1)),IMDIV($BN$1,IMPRODUCT($BP$1,2*PI()*BH6*0.000000000008854)))) -> #REF! | BJ6: =IMPRODUCT(IMPRODUCT(BI6,$BP$1),2*PI()*BH6*0.000000000008854) -> #REF! | BK6: =IMREAL(BI6) -> #REF! | BL6: =-IMAGINARY(BI6) -> #REF! | BM6: =IMREAL(BJ6) -> #REF! | BN6: =IMAGINARY(BJ6) -> #REF! | BR6: =Reflection!A6 -> #REF! | BS6: 0+1i | BT6: =IMSUM(4.1,IMDIV((78.4-4.1),IMSUM(IMPRODUCT(BS6,2*PI()*BR6*0.0000000000083),1))) -> #REF! | BU6: =IMPRODUCT(IMPRODUCT(BT6,BS6),2*PI()*BR6*0.000000000008854) -> #REF! | BV6: =IMREAL(BT6) -> #REF! | BW6: =-IMAGINARY(BT6) -> #REF! | BX6: =IMREAL(BU6) -> #REF! | BY6: =IMAGINARY(BU6) -> #REF!
A7: =Reflection!A7 -> #REF! | B7: =IMSUM(4.1,IMDIV((78.4-4.1),IMSUM(IMPRODUCT($C$1,2*PI()*A7*0.0000000000083),1))) -> #REF! | C7: =IMPRODUCT(IMPRODUCT(B7,$C$1),2*PI()*A7*0.000000000008854) -> #REF! | D7: =IMREAL(B7) -> #REF! | E7: =-IMAGINARY(B7) -> #REF! | F7: =IMREAL(C7) -> #REF! | G7: =IMAGINARY(C7) -> #REF! | J7: =Reflection!A7 -> #REF! | K7: 0+1i | L7: =IMSUM(2.6,IMDIV(19.94,IMSUM(1,IMPOWER(IMPRODUCT(K7,2*PI()*J7,0.0000000001649),1))),IMDIV(0.74,IMSUM(1,IMPRODUCT(K7,2*PI()*J7*0.0000000000104))),IMDIV(1.19,IMSUM(1,IMPRODUCT(K7,2*PI()*J7*0.00000000000169)))) -> #REF! | M7: =IMPRODUCT(IMPRODUCT(L7,K7),2*PI()*J7*0.0000000000088542) -> #REF! | N7: =IMREAL(L7) -> #REF! | O7: =-IMAGINARY(L7) -> #REF! | P7: =IMREAL(M7) -> #REF! | Q7: =IMAGINARY(M7) -> #REF! | T7: =Reflection!A7 -> #REF! | U7: 0+1i | V7: =IMSUM(2.68,IMDIV(21.73,IMSUM(1,IMPOWER(IMPRODUCT(U7,2*PI()*T7,0.0000000001422),0.988))),IMDIV(0.77,IMSUM(1,IMPRODUCT(U7,2*PI()*T7*0.00000000000957))),IMDIV(1.32,IMSUM(1,IMPRODUCT(U7,2*PI()*T7*0.00000000000197)))) -> #REF! | W7: =IMPRODUCT(IMPRODUCT(V7,U7),2*PI()*T7*0.0000000000088542) -> #REF! | X7: =IMREAL(V7) -> #REF! | Y7: =-IMAGINARY(V7) -> #REF! | Z7: =IMREAL(W7) -> #REF! | AA7: =IMAGINARY(W7) -> #REF! | AD7: =Reflection!A7 -> #REF! | AE7: 0+1i | AF7: =IMSUM(2.7,IMDIV(25.93,IMSUM(1,IMPOWER(IMPRODUCT(AE7,2*PI()*AD7,0.00000000009441),0.956))),IMDIV(1.44,IMSUM(1,IMPRODUCT(AE7,2*PI()*AD7*0.00000000000891))),IMDIV(1.28,IMSUM(1,IMPRODUCT(AE7,2*PI()*AD7*0.00000000000139)))) -> #REF! | AG7: =IMPRODUCT(IMPRODUCT(AF7,AE7),2*PI()*AD7*0.0000000000088542) -> #REF! | AH7: =IMREAL(AF7) -> #REF! | AI7: =-IMAGINARY(AF7) -> #REF! | AJ7: =IMREAL(AG7) -> #REF! | AK7: =IMAGINARY(AG7) -> #REF! | AN7: =Reflection!A7 -> #REF! | AO7: 0+1i | AP7: =IMSUM(2.87,IMDIV(31.07,IMSUM(1,IMPOWER(IMPRODUCT(AO7,2*PI()*AN7,0.00000000005957),0.934))),IMDIV(1.79,IMSUM(1,IMPRODUCT(AO7,2*PI()*AN7*0.0000000000095))),IMDIV(1.21,IMSUM(1,IMPRODUCT(AO7,2*PI()*AN7*0.00000000000108)))) -> #REF! | AQ7: =IMPRODUCT(IMPRODUCT(AP7,AO7),2*PI()*AN7*0.0000000000088542) -> #REF! | AR7: =IMREAL(AP7) -> #REF! | AS7: =-IMAGINARY(AP7) -> #REF! | AT7: =IMREAL(AQ7) -> #REF! | AU7: =IMAGINARY(AQ7) -> #REF! | AX7: =Reflection!A7 -> #REF! | AY7: 0+1i | AZ7: =IMSUM(3.14,IMDIV(42.45,IMSUM(1,IMPOWER(IMPRODUCT(AY7,2*PI()*AX7,0.00000000003598),0.94))),IMDIV(0.86,IMSUM(1,IMPRODUCT(AY7,2*PI()*AX7*0.00000000000744))),IMDIV(1.49,IMSUM(1,IMPRODUCT(AY7,2*PI()*AX7*0.00000000000125)))) -> #REF! | BA7: =IMPRODUCT(IMPRODUCT(AZ7,AY7),2*PI()*AX7*0.0000000000088542) -> #REF! | BB7: =IMREAL(AZ7) -> #REF! | BC7: =-IMAGINARY(AZ7) -> #REF! | BD7: =IMREAL(BA7) -> #REF! | BE7: =IMAGINARY(BA7) -> #REF! | BH7: =Reflection!A7 -> #REF! | BI7: =IMSUM($BJ$1,IMSUM(IMDIV(($BK$1-$BJ$1),IMSUM(IMPOWER(IMPRODUCT($BP$1,2*PI()*BH7*$BL$1),(1-$BM$1)),1)),IMDIV($BN$1,IMPRODUCT($BP$1,2*PI()*BH7*0.000000000008854)))) -> #REF! | BJ7: =IMPRODUCT(IMPRODUCT(BI7,$BP$1),2*PI()*BH7*0.000000000008854) -> #REF! | BK7: =IMREAL(BI7) -> #REF! | BL7: =-IMAGINARY(BI7) -> #REF! | BM7: =IMREAL(BJ7) -> #REF! | BN7: =IMAGINARY(BJ7) -> #REF! | BR7: =Reflection!A7 -> #REF! | BS7: 0+1i | BT7: =IMSUM(4.1,IMDIV((78.4-4.1),IMSUM(IMPRODUCT(BS7,2*PI()*BR7*0.0000000000083),1))) -> #REF! | BU7: =IMPRODUCT(IMPRODUCT(BT7,BS7),2*PI()*BR7*0.000000000008854) -> #REF! | BV7: =IMREAL(BT7) -> #REF! | BW7: =-IMAGINARY(BT7) -> #REF! | BX7: =IMREAL(BU7) -> #REF! | BY7: =IMAGINARY(BU7) -> #REF!
A8: =Reflection!A8 -> #REF! | B8: =IMSUM(4.1,IMDIV((78.4-4.1),IMSUM(IMPRODUCT($C$1,2*PI()*A8*0.0000000000083),1))) -> #REF! | C8: =IMPRODUCT(IMPRODUCT(B8,$C$1),2*PI()*A8*0.000000000008854) -> #REF! | D8: =IMREAL(B8) -> #REF! | E8: =-IMAGINARY(B8) -> #REF! | F8: =IMREAL(C8) -> #REF! | G8: =IMAGINARY(C8) -> #REF! | J8: =Reflection!A8 -> #REF! | K8: 0+1i | L8: =IMSUM(2.6,IMDIV(19.94,IMSUM(1,IMPOWER(IMPRODUCT(K8,2*PI()*J8,0.0000000001649),1))),IMDIV(0.74,IMSUM(1,IMPRODUCT(K8,2*PI()*J8*0.0000000000104))),IMDIV(1.19,IMSUM(1,IMPRODUCT(K8,2*PI()*J8*0.00000000000169)))) -> #REF! | M8: =IMPRODUCT(IMPRODUCT(L8,K8),2*PI()*J8*0.0000000000088542) -> #REF! | N8: =IMREAL(L8) -> #REF! | O8: =-IMAGINARY(L8) -> #REF! | P8: =IMREAL(M8) -> #REF! | Q8: =IMAGINARY(M8) -> #REF! | T8: =Reflection!A8 -> #REF! | U8: 0+1i | V8: =IMSUM(2.68,IMDIV(21.73,IMSUM(1,IMPOWER(IMPRODUCT(U8,2*PI()*T8,0.0000000001422),0.988))),IMDIV(0.77,IMSUM(1,IMPRODUCT(U8,2*PI()*T8*0.00000000000957))),IMDIV(1.32,IMSUM(1,IMPRODUCT(U8,2*PI()*T8*0.00000000000197)))) -> #REF! | W8: =IMPRODUCT(IMPRODUCT(V8,U8),2*PI()*T8*0.0000000000088542) -> #REF! | X8: =IMREAL(V8) -> #REF! | Y8: =-IMAGINARY(V8) -> #REF! | Z8: =IMREAL(W8) -> #REF! | AA8: =IMAGINARY(W8) -> #REF! | AD8: =Reflection!A8 -> #REF! | AE8: 0+1i | AF8: =IMSUM(2.7,IMDIV(25.93,IMSUM(1,IMPOWER(IMPRODUCT(AE8,2*PI()*AD8,0.00000000009441),0.956))),IMDIV(1.44,IMSUM(1,IMPRODUCT(AE8,2*PI()*AD8*0.00000000000891))),IMDIV(1.28,IMSUM(1,IMPRODUCT(AE8,2*PI()*AD8*0.00000000000139)))) -> #REF! | AG8: =IMPRODUCT(IMPRODUCT(AF8,AE8),2*PI()*AD8*0.0000000000088542) -> #REF! | AH8: =IMREAL(AF8) -> #REF! | AI8: =-IMAGINARY(AF8) -> #REF! | AJ8: =IMREAL(AG8) -> #REF! | AK8: =IMAGINARY(AG8) -> #REF! | AN8: =Reflection!A8 -> #REF! | AO8: 0+1i | AP8: =IMSUM(2.87,IMDIV(31.07,IMSUM(1,IMPOWER(IMPRODUCT(AO8,2*PI()*AN8,0.00000000005957),0.934))),IMDIV(1.79,IMSUM(1,IMPRODUCT(AO8,2*PI()*AN8*0.0000000000095))),IMDIV(1.21,IMSUM(1,IMPRODUCT(AO8,2*PI()*AN8*0.00000000000108)))) -> #REF! | AQ8: =IMPRODUCT(IMPRODUCT(AP8,AO8),2*PI()*AN8*0.0000000000088542) -> #REF! | AR8: =IMREAL(AP8) -> #REF! | AS8: =-IMAGINARY(AP8) -> #REF! | AT8: =IMREAL(AQ8) -> #REF! | AU8: =IMAGINARY(AQ8) -> #REF! | AX8: =Reflection!A8 -> #REF! | AY8: 0+1i | AZ8: =IMSUM(3.14,IMDIV(42.45,IMSUM(1,IMPOWER(IMPRODUCT(AY8,2*PI()*AX8,0.00000000003598),0.94))),IMDIV(0.86,IMSUM(1,IMPRODUCT(AY8,2*PI()*AX8*0.00000000000744))),IMDIV(1.49,IMSUM(1,IMPRODUCT(AY8,2*PI()*AX8*0.00000000000125)))) -> #REF! | BA8: =IMPRODUCT(IMPRODUCT(AZ8,AY8),2*PI()*AX8*0.0000000000088542) -> #REF! | BB8: =IMREAL(AZ8) -> #REF! | BC8: =-IMAGINARY(AZ8) -> #REF! | BD8: =IMREAL(BA8) -> #REF! | BE8: =IMAGINARY(BA8) -> #REF! | BH8: =Reflection!A8 -> #REF! | BI8: =IMSUM($BJ$1,IMSUM(IMDIV(($BK$1-$BJ$1),IMSUM(IMPOWER(IMPRODUCT($BP$1,2*PI()*BH8*$BL$1),(1-$BM$1)),1)),IMDIV($BN$1,IMPRODUCT($BP$1,2*PI()*BH8*0.000000000008854)))) -> #REF! | BJ8: =IMPRODUCT(IMPRODUCT(BI8,$BP$1),2*PI()*BH8*0.000000000008854) -> #REF! | BK8: =IMREAL(BI8) -> #REF! | BL8: =-IMAGINARY(BI8) -> #REF! | BM8: =IMREAL(BJ8) -> #REF! | BN8: =IMAGINARY(BJ8) -> #REF! | BR8: =Reflection!A8 -> #REF! | BS8: 0+1i | BT8: =IMSUM(4.1,IMDIV((78.4-4.1),IMSUM(IMPRODUCT(BS8,2*PI()*BR8*0.0000000000083),1))) -> #REF! | BU8: =IMPRODUCT(IMPRODUCT(BT8,BS8),2*PI()*BR8*0.000000000008854) -> #REF! | BV8: =IMREAL(BT8) -> #REF! | BW8: =-IMAGINARY(BT8) -> #REF! | BX8: =IMREAL(BU8) -> #REF! | BY8: =IMAGINARY(BU8) -> #REF!
A9: =Reflection!A9 -> #REF! | B9: =IMSUM(4.1,IMDIV((78.4-4.1),IMSUM(IMPRODUCT($C$1,2*PI()*A9*0.0000000000083),1))) -> #REF! | C9: =IMPRODUCT(IMPRODUCT(B9,$C$1),2*PI()*A9*0.000000000008854) -> #REF! | D9: =IMREAL(B9) -> #REF! | E9: =-IMAGINARY(B9) -> #REF! | F9: =IMREAL(C9) -> #REF! | G9: =IMAGINARY(C9) -> #REF! | J9: =Reflection!A9 -> #REF! | K9: 0+1i | L9: =IMSUM(2.6,IMDIV(19.94,IMSUM(1,IMPOWER(IMPRODUCT(K9,2*PI()*J9,0.0000000001649),1))),IMDIV(0.74,IMSUM(1,IMPRODUCT(K9,2*PI()*J9*0.0000000000104))),IMDIV(1.19,IMSUM(1,IMPRODUCT(K9,2*PI()*J9*0.00000000000169)))) -> #REF! | M9: =IMPRODUCT(IMPRODUCT(L9,K9),2*PI()*J9*0.0000000000088542) -> #REF! | N9: =IMREAL(L9) -> #REF! | O9: =-IMAGINARY(L9) -> #REF! | P9: =IMREAL(M9) -> #REF! | Q9: =IMAGINARY(M9) -> #REF! | T9: =Reflection!A9 -> #REF! | U9: 0+1i | V9: =IMSUM(2.68,IMDIV(21.73,IMSUM(1,IMPOWER(IMPRODUCT(U9,2*PI()*T9,0.0000000001422),0.988))),IMDIV(0.77,IMSUM(1,IMPRODUCT(U9,2*PI()*T9*0.00000000000957))),IMDIV(1.32,IMSUM(1,IMPRODUCT(U9,2*PI()*T9*0.00000000000197)))) -> #REF! | W9: =IMPRODUCT(IMPRODUCT(V9,U9),2*PI()*T9*0.0000000000088542) -> #REF! | X9: =IMREAL(V9) -> #REF! | Y9: =-IMAGINARY(V9) -> #REF! | Z9: =IMREAL(W9) -> #REF! | AA9: =IMAGINARY(W9) -> #REF! | AD9: =Reflection!A9 -> #REF! | AE9: 0+1i | AF9: =IMSUM(2.7,IMDIV(25.93,IMSUM(1,IMPOWER(IMPRODUCT(AE9,2*PI()*AD9,0.00000000009441),0.956))),IMDIV(1.44,IMSUM(1,IMPRODUCT(AE9,2*PI()*AD9*0.00000000000891))),IMDIV(1.28,IMSUM(1,IMPRODUCT(AE9,2*PI()*AD9*0.00000000000139)))) -> #REF! | AG9: =IMPRODUCT(IMPRODUCT(AF9,AE9),2*PI()*AD9*0.0000000000088542) -> #REF! | AH9: =IMREAL(AF9) -> #REF! | AI9: =-IMAGINARY(AF9) -> #REF! | AJ9: =IMREAL(AG9) -> #REF! | AK9: =IMAGINARY(AG9) -> #REF! | AN9: =Reflection!A9 -> #REF! | AO9: 0+1i | AP9: =IMSUM(2.87,IMDIV(31.07,IMSUM(1,IMPOWER(IMPRODUCT(AO9,2*PI()*AN9,0.00000000005957),0.934))),IMDIV(1.79,IMSUM(1,IMPRODUCT(AO9,2*PI()*AN9*0.0000000000095))),IMDIV(1.21,IMSUM(1,IMPRODUCT(AO9,2*PI()*AN9*0.00000000000108)))) -> #REF! | AQ9: =IMPRODUCT(IMPRODUCT(AP9,AO9),2*PI()*AN9*0.0000000000088542) -> #REF! | AR9: =IMREAL(AP9) -> #REF! | AS9: =-IMAGINARY(AP9) -> #REF! | AT9: =IMREAL(AQ9) -> #REF! | AU9: =IMAGINARY(AQ9) -> #REF! | AX9: =Reflection!A9 -> #REF! | AY9: 0+1i | AZ9: =IMSUM(3.14,IMDIV(42.45,IMSUM(1,IMPOWER(IMPRODUCT(AY9,2*PI()*AX9,0.00000000003598),0.94))),IMDIV(0.86,IMSUM(1,IMPRODUCT(AY9,2*PI()*AX9*0.00000000000744))),IMDIV(1.49,IMSUM(1,IMPRODUCT(AY9,2*PI()*AX9*0.00000000000125)))) -> #REF! | BA9: =IMPRODUCT(IMPRODUCT(AZ9,AY9),2*PI()*AX9*0.0000000000088542) -> #REF! | BB9: =IMREAL(AZ9) -> #REF! | BC9: =-IMAGINARY(AZ9) -> #REF! | BD9: =IMREAL(BA9) -> #REF! | BE9: =IMAGINARY(BA9) -> #REF! | BH9: =Reflection!A9 -> #REF! | BI9: =IMSUM($BJ$1,IMSUM(IMDIV(($BK$1-$BJ$1),IMSUM(IMPOWER(IMPRODUCT($BP$1,2*PI()*BH9*$BL$1),(1-$BM$1)),1)),IMDIV($BN$1,IMPRODUCT($BP$1,2*PI()*BH9*0.000000000008854)))) -> #REF! | BJ9: =IMPRODUCT(IMPRODUCT(BI9,$BP$1),2*PI()*BH9*0.000000000008854) -> #REF! | BK9: =IMREAL(BI9) -> #REF! | BL9: =-IMAGINARY(BI9) -> #REF! | BM9: =IMREAL(BJ9) -> #REF! | BN9: =IMAGINARY(BJ9) -> #REF! | BR9: =Reflection!A9 -> #REF! | BS9: 0+1i | BT9: =IMSUM(4.1,IMDIV((78.4-4.1),IMSUM(IMPRODUCT(BS9,2*PI()*BR9*0.0000000000083),1))) -> #REF! | BU9: =IMPRODUCT(IMPRODUCT(BT9,BS9),2*PI()*BR9*0.000000000008854) -> #REF! | BV9: =IMREAL(BT9) -> #REF! | BW9: =-IMAGINARY(BT9) -> #REF! | BX9: =IMREAL(BU9) -> #REF! | BY9: =IMAGINARY(BU9) -> #REF!
A10: =Reflection!A10 -> #REF! | B10: =IMSUM(4.1,IMDIV((78.4-4.1),IMSUM(IMPRODUCT($C$1,2*PI()*A10*0.0000000000083),1))) -> #REF! | C10: =IMPRODUCT(IMPRODUCT(B10,$C$1),2*PI()*A10*0.000000000008854) -> #REF! | D10: =IMREAL(B10) -> #REF! | E10: =-IMAGINARY(B10) -> #REF! | F10: =IMREAL(C10) -> #REF! | G10: =IMAGINARY(C10) -> #REF! | J10: =Reflection!A10 -> #REF! | K10: 0+1i | L10: =IMSUM(2.6,IMDIV(19.94,IMSUM(1,IMPOWER(IMPRODUCT(K10,2*PI()*J10,0.0000000001649),1))),IMDIV(0.74,IMSUM(1,IMPRODUCT(K10,2*PI()*J10*0.0000000000104))),IMDIV(1.19,IMSUM(1,IMPRODUCT(K10,2*PI()*J10*0.00000000000169)))) -> #REF! | M10: =IMPRODUCT(IMPRODUCT(L10,K10),2*PI()*J10*0.0000000000088542) -> #REF! | N10: =IMREAL(L10) -> #REF! | O10: =-IMAGINARY(L10) -> #REF! | P10: =IMREAL(M10) -> #REF! | Q10: =IMAGINARY(M10) -> #REF! | T10: =Reflection!A10 -> #REF! | U10: 0+1i | V10: =IMSUM(2.68,IMDIV(21.73,IMSUM(1,IMPOWER(IMPRODUCT(U10,2*PI()*T10,0.0000000001422),0.988))),IMDIV(0.77,IMSUM(1,IMPRODUCT(U10,2*PI()*T10*0.00000000000957))),IMDIV(1.32,IMSUM(1,IMPRODUCT(U10,2*PI()*T10*0.00000000000197)))) -> #REF! | W10: =IMPRODUCT(IMPRODUCT(V10,U10),2*PI()*T10*0.0000000000088542) -> #REF! | X10: =IMREAL(V10) -> #REF! | Y10: =-IMAGINARY(V10) -> #REF! | Z10: =IMREAL(W10) -> #REF! | AA10: =IMAGINARY(W10) -> #REF! | AD10: =Reflection!A10 -> #REF! | AE10: 0+1i | AF10: =IMSUM(2.7,IMDIV(25.93,IMSUM(1,IMPOWER(IMPRODUCT(AE10,2*PI()*AD10,0.00000000009441),0.956))),IMDIV(1.44,IMSUM(1,IMPRODUCT(AE10,2*PI()*AD10*0.00000000000891))),IMDIV(1.28,IMSUM(1,IMPRODUCT(AE10,2*PI()*AD10*0.00000000000139)))) -> #REF! | AG10: =IMPRODUCT(IMPRODUCT(AF10,AE10),2*PI()*AD10*0.0000000000088542) -> #REF! | AH10: =IMREAL(AF10) -> #REF! | AI10: =-IMAGINARY(AF10) -> #REF! | AJ10: =IMREAL(AG10) -> #REF! | AK10: =IMAGINARY(AG10) -> #REF! | AN10: =Reflection!A10 -> #REF! | AO10: 0+1i | AP10: =IMSUM(2.87,IMDIV(31.07,IMSUM(1,IMPOWER(IMPRODUCT(AO10,2*PI()*AN10,0.00000000005957),0.934))),IMDIV(1.79,IMSUM(1,IMPRODUCT(AO10,2*PI()*AN10*0.0000000000095))),IMDIV(1.21,IMSUM(1,IMPRODUCT(AO10,2*PI()*AN10*0.00000000000108)))) -> #REF! | AQ10: =IMPRODUCT(IMPRODUCT(AP10,AO10),2*PI()*AN10*0.0000000000088542) -> #REF! | AR10: =IMREAL(AP10) -> #REF! | AS10: =-IMAGINARY(AP10) -> #REF! | AT10: =IMREAL(AQ10) -> #REF! | AU10: =IMAGINARY(AQ10) -> #REF! | AX10: =Reflection!A10 -> #REF! | AY10: 0+1i | AZ10: =IMSUM(3.14,IMDIV(42.45,IMSUM(1,IMPOWER(IMPRODUCT(AY10,2*PI()*AX10,0.00000000003598),0.94))),IMDIV(0.86,IMSUM(1,IMPRODUCT(AY10,2*PI()*AX10*0.00000000000744))),IMDIV(1.49,IMSUM(1,IMPRODUCT(AY10,2*PI()*AX10*0.00000000000125)))) -> #REF! | BA10: =IMPRODUCT(IMPRODUCT(AZ10,AY10),2*PI()*AX10*0.0000000000088542) -> #REF! | BB10: =IMREAL(AZ10) -> #REF! | BC10: =-IMAGINARY(AZ10) -> #REF! | BD10: =IMREAL(BA10) -> #REF! | BE10: =IMAGINARY(BA10) -> #REF! | BH10: =Reflection!A10 -> #REF! | BI10: =IMSUM($BJ$1,IMSUM(IMDIV(($BK$1-$BJ$1),IMSUM(IMPOWER(IMPRODUCT($BP$1,2*PI()*BH10*$BL$1),(1-$BM$1)),1)),IMDIV($BN$1,IMPRODUCT($BP$1,2*PI()*BH10*0.000000000008854)))) -> #REF! | BJ10: =IMPRODUCT(IMPRODUCT(BI10,$BP$1),2*PI()*BH10*0.000000000008854) -> #REF! | BK10: =IMREAL(BI10) -> #REF! | BL10: =-IMAGINARY(BI10) -> #REF! | BM10: =IMREAL(BJ10) -> #REF! | BN10: =IMAGINARY(BJ10) -> #REF! | BR10: =Reflection!A10 -> #REF! | BS10: 0+1i | BT10: =IMSUM(4.1,IMDIV((78.4-4.1),IMSUM(IMPRODUCT(BS10,2*PI()*BR10*0.0000000000083),1))) -> #REF! | BU10: =IMPRODUCT(IMPRODUCT(BT10,BS10),2*PI()*BR10*0.000000000008854) -> #REF! | BV10: =IMREAL(BT10) -> #REF! | BW10: =-IMAGINARY(BT10) -> #REF! | BX10: =IMREAL(BU10) -> #REF! | BY10: =IMAGINARY(BU10) -> #REF!
A11: =Reflection!A11 -> #REF! | B11: =IMSUM(4.1,IMDIV((78.4-4.1),IMSUM(IMPRODUCT($C$1,2*PI()*A11*0.0000000000083),1))) -> #REF! | C11: =IMPRODUCT(IMPRODUCT(B11,$C$1),2*PI()*A11*0.000000000008854) -> #REF! | D11: =IMREAL(B11) -> #REF! | E11: =-IMAGINARY(B11) -> #REF! | F11: =IMREAL(C11) -> #REF! | G11: =IMAGINARY(C11) -> #REF! | J11: =Reflection!A11 -> #REF! | K11: 0+1i | L11: =IMSUM(2.6,IMDIV(19.94,IMSUM(1,IMPOWER(IMPRODUCT(K11,2*PI()*J11,0.0000000001649),1))),IMDIV(0.74,IMSUM(1,IMPRODUCT(K11,2*PI()*J11*0.0000000000104))),IMDIV(1.19,IMSUM(1,IMPRODUCT(K11,2*PI()*J11*0.00000000000169)))) -> #REF! | M11: =IMPRODUCT(IMPRODUCT(L11,K11),2*PI()*J11*0.0000000000088542) -> #REF! | N11: =IMREAL(L11) -> #REF! | O11: =-IMAGINARY(L11) -> #REF! | P11: =IMREAL(M11) -> #REF! | Q11: =IMAGINARY(M11) -> #REF! | T11: =Reflection!A11 -> #REF! | U11: 0+1i | V11: =IMSUM(2.68,IMDIV(21.73,IMSUM(1,IMPOWER(IMPRODUCT(U11,2*PI()*T11,0.0000000001422),0.988))),IMDIV(0.77,IMSUM(1,IMPRODUCT(U11,2*PI()*T11*0.00000000000957))),IMDIV(1.32,IMSUM(1,IMPRODUCT(U11,2*PI()*T11*0.00000000000197)))) -> #REF! | W11: =IMPRODUCT(IMPRODUCT(V11,U11),2*PI()*T11*0.0000000000088542) -> #REF! | X11: =IMREAL(V11) -> #REF! | Y11: =-IMAGINARY(V11) -> #REF! | Z11: =IMREAL(W11) -> #REF! | AA11: =IMAGINARY(W11) -> #REF! | AD11: =Reflection!A11 -> #REF! | AE11: 0+1i | AF11: =IMSUM(2.7,IMDIV(25.93,IMSUM(1,IMPOWER(IMPRODUCT(AE11,2*PI()*AD11,0.00000000009441),0.956))),IMDIV(1.44,IMSUM(1,IMPRODUCT(AE11,2*PI()*AD11*0.00000000000891))),IMDIV(1.28,IMSUM(1,IMPRODUCT(AE11,2*PI()*AD11*0.00000000000139)))) -> #REF! | AG11: =IMPRODUCT(IMPRODUCT(AF11,AE11),2*PI()*AD11*0.0000000000088542) -> #REF! | AH11: =IMREAL(AF11) -> #REF! | AI11: =-IMAGINARY(AF11) -> #REF! | AJ11: =IMREAL(AG11) -> #REF! | AK11: =IMAGINARY(AG11) -> #REF! | AN11: =Reflection!A11 -> #REF! | AO11: 0+1i | AP11: =IMSUM(2.87,IMDIV(31.07,IMSUM(1,IMPOWER(IMPRODUCT(AO11,2*PI()*AN11,0.00000000005957),0.934))),IMDIV(1.79,IMSUM(1,IMPRODUCT(AO11,2*PI()*AN11*0.0000000000095))),IMDIV(1.21,IMSUM(1,IMPRODUCT(AO11,2*PI()*AN11*0.00000000000108)))) -> #REF! | AQ11: =IMPRODUCT(IMPRODUCT(AP11,AO11),2*PI()*AN11*0.0000000000088542) -> #REF! | AR11: =IMREAL(AP11) -> #REF! | AS11: =-IMAGINARY(AP11) -> #REF! | AT11: =IMREAL(AQ11) -> #REF! | AU11: =IMAGINARY(AQ11) -> #REF! | AX11: =Reflection!A11 -> #REF! | AY11: 0+1i | AZ11: =IMSUM(3.14,IMDIV(42.45,IMSUM(1,IMPOWER(IMPRODUCT(AY11,2*PI()*AX11,0.00000000003598),0.94))),IMDIV(0.86,IMSUM(1,IMPRODUCT(AY11,2*PI()*AX11*0.00000000000744))),IMDIV(1.49,IMSUM(1,IMPRODUCT(AY11,2*PI()*AX11*0.00000000000125)))) -> #REF! | BA11: =IMPRODUCT(IMPRODUCT(AZ11,AY11),2*PI()*AX11*0.0000000000088542) -> #REF! | BB11: =IMREAL(AZ11) -> #REF! | BC11: =-IMAGINARY(AZ11) -> #REF! | BD11: =IMREAL(BA11) -> #REF! | BE11: =IMAGINARY(BA11) -> #REF! | BH11: =Reflection!A11 -> #REF! | BI11: =IMSUM($BJ$1,IMSUM(IMDIV(($BK$1-$BJ$1),IMSUM(IMPOWER(IMPRODUCT($BP$1,2*PI()*BH11*$BL$1),(1-$BM$1)),1)),IMDIV($BN$1,IMPRODUCT($BP$1,2*PI()*BH11*0.000000000008854)))) -> #REF! | BJ11: =IMPRODUCT(IMPRODUCT(BI11,$BP$1),2*PI()*BH11*0.000000000008854) -> #REF! | BK11: =IMREAL(BI11) -> #REF! | BL11: =-IMAGINARY(BI11) -> #REF! | BM11: =IMREAL(BJ11) -> #REF! | BN11: =IMAGINARY(BJ11) -> #REF! | BR11: =Reflection!A11 -> #REF! | BS11: 0+1i | BT11: =IMSUM(4.1,IMDIV((78.4-4.1),IMSUM(IMPRODUCT(BS11,2*PI()*BR11*0.0000000000083),1))) -> #REF! | BU11: =IMPRODUCT(IMPRODUCT(BT11,BS11),2*PI()*BR11*0.000000000008854) -> #REF! | BV11: =IMREAL(BT11) -> #REF! | BW11: =-IMAGINARY(BT11) -> #REF! | BX11: =IMREAL(BU11) -> #REF! | BY11: =IMAGINARY(BU11) -> #REF!
A12: =Reflection!A12 -> #REF! | B12: =IMSUM(4.1,IMDIV((78.4-4.1),IMSUM(IMPRODUCT($C$1,2*PI()*A12*0.0000000000083),1))) -> #REF! | C12: =IMPRODUCT(IMPRODUCT(B12,$C$1),2*PI()*A12*0.000000000008854) -> #REF! | D12: =IMREAL(B12) -> #REF! | E12: =-IMAGINARY(B12) -> #REF! | F12: =IMREAL(C12) -> #REF! | G12: =IMAGINARY(C12) -> #REF! | J12: =Reflection!A12 -> #REF! | K12: 0+1i | L12: =IMSUM(2.6,IMDIV(19.94,IMSUM(1,IMPOWER(IMPRODUCT(K12,2*PI()*J12,0.0000000001649),1))),IMDIV(0.74,IMSUM(1,IMPRODUCT(K12,2*PI()*J12*0.0000000000104))),IMDIV(1.19,IMSUM(1,IMPRODUCT(K12,2*PI()*J12*0.00000000000169)))) -> #REF! | M12: =IMPRODUCT(IMPRODUCT(L12,K12),2*PI()*J12*0.0000000000088542) -> #REF! | N12: =IMREAL(L12) -> #REF! | O12: =-IMAGINARY(L12) -> #REF! | P12: =IMREAL(M12) -> #REF! | Q12: =IMAGINARY(M12) -> #REF! | T12: =Reflection!A12 -> #REF! | U12: 0+1i | V12: =IMSUM(2.68,IMDIV(21.73,IMSUM(1,IMPOWER(IMPRODUCT(U12,2*PI()*T12,0.0000000001422),0.988))),IMDIV(0.77,IMSUM(1,IMPRODUCT(U12,2*PI()*T12*0.00000000000957))),IMDIV(1.32,IMSUM(1,IMPRODUCT(U12,2*PI()*T12*0.00000000000197)))) -> #REF! | W12: =IMPRODUCT(IMPRODUCT(V12,U12),2*PI()*T12*0.0000000000088542) -> #REF! | X12: =IMREAL(V12) -> #REF! | Y12: =-IMAGINARY(V12) -> #REF! | Z12: =IMREAL(W12) -> #REF! | AA12: =IMAGINARY(W12) -> #REF! | AD12: =Reflection!A12 -> #REF! | AE12: 0+1i | AF12: =IMSUM(2.7,IMDIV(25.93,IMSUM(1,IMPOWER(IMPRODUCT(AE12,2*PI()*AD12,0.00000000009441),0.956))),IMDIV(1.44,IMSUM(1,IMPRODUCT(AE12,2*PI()*AD12*0.00000000000891))),IMDIV(1.28,IMSUM(1,IMPRODUCT(AE12,2*PI()*AD12*0.00000000000139)))) -> #REF! | AG12: =IMPRODUCT(IMPRODUCT(AF12,AE12),2*PI()*AD12*0.0000000000088542) -> #REF! | AH12: =IMREAL(AF12) -> #REF! | AI12: =-IMAGINARY(AF12) -> #REF! | AJ12: =IMREAL(AG12) -> #REF! | AK12: =IMAGINARY(AG12) -> #REF! | AN12: =Reflection!A12 -> #REF! | AO12: 0+1i | AP12: =IMSUM(2.87,IMDIV(31.07,IMSUM(1,IMPOWER(IMPRODUCT(AO12,2*PI()*AN12,0.00000000005957),0.934))),IMDIV(1.79,IMSUM(1,IMPRODUCT(AO12,2*PI()*AN12*0.0000000000095))),IMDIV(1.21,IMSUM(1,IMPRODUCT(AO12,2*PI()*AN12*0.00000000000108)))) -> #REF! | AQ12: =IMPRODUCT(IMPRODUCT(AP12,AO12),2*PI()*AN12*0.0000000000088542) -> #REF! | AR12: =IMREAL(AP12) -> #REF! | AS12: =-IMAGINARY(AP12) -> #REF! | AT12: =IMREAL(AQ12) -> #REF! | AU12: =IMAGINARY(AQ12) -> #REF! | AX12: =Reflection!A12 -> #REF! | AY12: 0+1i | AZ12: =IMSUM(3.14,IMDIV(42.45,IMSUM(1,IMPOWER(IMPRODUCT(AY12,2*PI()*AX12,0.00000000003598),0.94))),IMDIV(0.86,IMSUM(1,IMPRODUCT(AY12,2*PI()*AX12*0.00000000000744))),IMDIV(1.49,IMSUM(1,IMPRODUCT(AY12,2*PI()*AX12*0.00000000000125)))) -> #REF! | BA12: =IMPRODUCT(IMPRODUCT(AZ12,AY12),2*PI()*AX12*0.0000000000088542) -> #REF! | BB12: =IMREAL(AZ12) -> #REF! | BC12: =-IMAGINARY(AZ12) -> #REF! | BD12: =IMREAL(BA12) -> #REF! | BE12: =IMAGINARY(BA12) -> #REF! | BH12: =Reflection!A12 -> #REF! | BI12: =IMSUM($BJ$1,IMSUM(IMDIV(($BK$1-$BJ$1),IMSUM(IMPOWER(IMPRODUCT($BP$1,2*PI()*BH12*$BL$1),(1-$BM$1)),1)),IMDIV($BN$1,IMPRODUCT($BP$1,2*PI()*BH12*0.000000000008854)))) -> #REF! | BJ12: =IMPRODUCT(IMPRODUCT(BI12,$BP$1),2*PI()*BH12*0.000000000008854) -> #REF! | BK12: =IMREAL(BI12) -> #REF! | BL12: =-IMAGINARY(BI12) -> #REF! | BM12: =IMREAL(BJ12) -> #REF! | BN12: =IMAGINARY(BJ12) -> #REF! | BR12: =Reflection!A12 -> #REF! | BS12: 0+1i | BT12: =IMSUM(4.1,IMDIV((78.4-4.1),IMSUM(IMPRODUCT(BS12,2*PI()*BR12*0.0000000000083),1))) -> #REF! | BU12: =IMPRODUCT(IMPRODUCT(BT12,BS12),2*PI()*BR12*0.000000000008854) -> #REF! | BV12: =IMREAL(BT12) -> #REF! | BW12: =-IMAGINARY(BT12) -> #REF! | BX12: =IMREAL(BU12) -> #REF! | BY12: =IMAGINARY(BU12) -> #REF!
A13: =Reflection!A13 -> #REF! | B13: =IMSUM(4.1,IMDIV((78.4-4.1),IMSUM(IMPRODUCT($C$1,2*PI()*A13*0.0000000000083),1))) -> #REF! | C13: =IMPRODUCT(IMPRODUCT(B13,$C$1),2*PI()*A13*0.000000000008854) -> #REF! | D13: =IMREAL(B13) -> #REF! | E13: =-IMAGINARY(B13) -> #REF! | F13: =IMREAL(C13) -> #REF! | G13: =IMAGINARY(C13) -> #REF! | J13: =Reflection!A13 -> #REF! | K13: 0+1i | L13: =IMSUM(2.6,IMDIV(19.94,IMSUM(1,IMPOWER(IMPRODUCT(K13,2*PI()*J13,0.0000000001649),1))),IMDIV(0.74,IMSUM(1,IMPRODUCT(K13,2*PI()*J13*0.0000000000104))),IMDIV(1.19,IMSUM(1,IMPRODUCT(K13,2*PI()*J13*0.00000000000169)))) -> #REF! | M13: =IMPRODUCT(IMPRODUCT(L13,K13),2*PI()*J13*0.0000000000088542) -> #REF! | N13: =IMREAL(L13) -> #REF! | O13: =-IMAGINARY(L13) -> #REF! | P13: =IMREAL(M13) -> #REF! | Q13: =IMAGINARY(M13) -> #REF! | T13: =Reflection!A13 -> #REF! | U13: 0+1i | V13: =IMSUM(2.68,IMDIV(21.73,IMSUM(1,IMPOWER(IMPRODUCT(U13,2*PI()*T13,0.0000000001422),0.988))),IMDIV(0.77,IMSUM(1,IMPRODUCT(U13,2*PI()*T13*0.00000000000957))),IMDIV(1.32,IMSUM(1,IMPRODUCT(U13,2*PI()*T13*0.00000000000197)))) -> #REF! | W13: =IMPRODUCT(IMPRODUCT(V13,U13),2*PI()*T13*0.0000000000088542) -> #REF! | X13: =IMREAL(V13) -> #REF! | Y13: =-IMAGINARY(V13) -> #REF! | Z13: =IMREAL(W13) -> #REF! | AA13: =IMAGINARY(W13) -> #REF! | AD13: =Reflection!A13 -> #REF! | AE13: 0+1i | AF13: =IMSUM(2.7,IMDIV(25.93,IMSUM(1,IMPOWER(IMPRODUCT(AE13,2*PI()*AD13,0.00000000009441),0.956))),IMDIV(1.44,IMSUM(1,IMPRODUCT(AE13,2*PI()*AD13*0.00000000000891))),IMDIV(1.28,IMSUM(1,IMPRODUCT(AE13,2*PI()*AD13*0.00000000000139)))) -> #REF! | AG13: =IMPRODUCT(IMPRODUCT(AF13,AE13),2*PI()*AD13*0.0000000000088542) -> #REF! | AH13: =IMREAL(AF13) -> #REF! | AI13: =-IMAGINARY(AF13) -> #REF! | AJ13: =IMREAL(AG13) -> #REF! | AK13: =IMAGINARY(AG13) -> #REF! | AN13: =Reflection!A13 -> #REF! | AO13: 0+1i | AP13: =IMSUM(2.87,IMDIV(31.07,IMSUM(1,IMPOWER(IMPRODUCT(AO13,2*PI()*AN13,0.00000000005957),0.934))),IMDIV(1.79,IMSUM(1,IMPRODUCT(AO13,2*PI()*AN13*0.0000000000095))),IMDIV(1.21,IMSUM(1,IMPRODUCT(AO13,2*PI()*AN13*0.00000000000108)))) -> #REF! | AQ13: =IMPRODUCT(IMPRODUCT(AP13,AO13),2*PI()*AN13*0.0000000000088542) -> #REF! | AR13: =IMREAL(AP13) -> #REF! | AS13: =-IMAGINARY(AP13) -> #REF! | AT13: =IMREAL(AQ13) -> #REF! | AU13: =IMAGINARY(AQ13) -> #REF! | AX13: =Reflection!A13 -> #REF! | AY13: 0+1i | AZ13: =IMSUM(3.14,IMDIV(42.45,IMSUM(1,IMPOWER(IMPRODUCT(AY13,2*PI()*AX13,0.00000000003598),0.94))),IMDIV(0.86,IMSUM(1,IMPRODUCT(AY13,2*PI()*AX13*0.00000000000744))),IMDIV(1.49,IMSUM(1,IMPRODUCT(AY13,2*PI()*AX13*0.00000000000125)))) -> #REF! | BA13: =IMPRODUCT(IMPRODUCT(AZ13,AY13),2*PI()*AX13*0.0000000000088542) -> #REF! | BB13: =IMREAL(AZ13) -> #REF! | BC13: =-IMAGINARY(AZ13) -> #REF! | BD13: =IMREAL(BA13) -> #REF! | BE13: =IMAGINARY(BA13) -> #REF! | BH13: =Reflection!A13 -> #REF! | BI13: =IMSUM($BJ$1,IMSUM(IMDIV(($BK$1-$BJ$1),IMSUM(IMPOWER(IMPRODUCT($BP$1,2*PI()*BH13*$BL$1),(1-$BM$1)),1)),IMDIV($BN$1,IMPRODUCT($BP$1,2*PI()*BH13*0.000000000008854)))) -> #REF! | BJ13: =IMPRODUCT(IMPRODUCT(BI13,$BP$1),2*PI()*BH13*0.000000000008854) -> #REF! | BK13: =IMREAL(BI13) -> #REF! | BL13: =-IMAGINARY(BI13) -> #REF! | BM13: =IMREAL(BJ13) -> #REF! | BN13: =IMAGINARY(BJ13) -> #REF! | BR13: =Reflection!A13 -> #REF! | BS13: 0+1i | BT13: =IMSUM(4.1,IMDIV((78.4-4.1),IMSUM(IMPRODUCT(BS13,2*PI()*BR13*0.0000000000083),1))) -> #REF! | BU13: =IMPRODUCT(IMPRODUCT(BT13,BS13),2*PI()*BR13*0.000000000008854) -> #REF! | BV13: =IMREAL(BT13) -> #REF! | BW13: =-IMAGINARY(BT13) -> #REF! | BX13: =IMREAL(BU13) -> #REF! | BY13: =IMAGINARY(BU13) -> #REF!
A14: =Reflection!A14 -> #REF! | B14: =IMSUM(4.1,IMDIV((78.4-4.1),IMSUM(IMPRODUCT($C$1,2*PI()*A14*0.0000000000083),1))) -> #REF! | C14: =IMPRODUCT(IMPRODUCT(B14,$C$1),2*PI()*A14*0.000000000008854) -> #REF! | D14: =IMREAL(B14) -> #REF! | E14: =-IMAGINARY(B14) -> #REF! | F14: =IMREAL(C14) -> #REF! | G14: =IMAGINARY(C14) -> #REF! | J14: =Reflection!A14 -> #REF! | K14: 0+1i | L14: =IMSUM(2.6,IMDIV(19.94,IMSUM(1,IMPOWER(IMPRODUCT(K14,2*PI()*J14,0.0000000001649),1))),IMDIV(0.74,IMSUM(1,IMPRODUCT(K14,2*PI()*J14*0.0000000000104))),IMDIV(1.19,IMSUM(1,IMPRODUCT(K14,2*PI()*J14*0.00000000000169)))) -> #REF! | M14: =IMPRODUCT(IMPRODUCT(L14,K14),2*PI()*J14*0.0000000000088542) -> #REF! | N14: =IMREAL(L14) -> #REF! | O14: =-IMAGINARY(L14) -> #REF! | P14: =IMREAL(M14) -> #REF! | Q14: =IMAGINARY(M14) -> #REF! | T14: =Reflection!A14 -> #REF! | U14: 0+1i | V14: =IMSUM(2.68,IMDIV(21.73,IMSUM(1,IMPOWER(IMPRODUCT(U14,2*PI()*T14,0.0000000001422),0.988))),IMDIV(0.77,IMSUM(1,IMPRODUCT(U14,2*PI()*T14*0.00000000000957))),IMDIV(1.32,IMSUM(1,IMPRODUCT(U14,2*PI()*T14*0.00000000000197)))) -> #REF! | W14: =IMPRODUCT(IMPRODUCT(V14,U14),2*PI()*T14*0.0000000000088542) -> #REF! | X14: =IMREAL(V14) -> #REF! | Y14: =-IMAGINARY(V14) -> #REF! | Z14: =IMREAL(W14) -> #REF! | AA14: =IMAGINARY(W14) -> #REF! | AD14: =Reflection!A14 -> #REF! | AE14: 0+1i | AF14: =IMSUM(2.7,IMDIV(25.93,IMSUM(1,IMPOWER(IMPRODUCT(AE14,2*PI()*AD14,0.00000000009441),0.956))),IMDIV(1.44,IMSUM(1,IMPRODUCT(AE14,2*PI()*AD14*0.00000000000891))),IMDIV(1.28,IMSUM(1,IMPRODUCT(AE14,2*PI()*AD14*0.00000000000139)))) -> #REF! | AG14: =IMPRODUCT(IMPRODUCT(AF14,AE14),2*PI()*AD14*0.0000000000088542) -> #REF! | AH14: =IMREAL(AF14) -> #REF! | AI14: =-IMAGINARY(AF14) -> #REF! | AJ14: =IMREAL(AG14) -> #REF! | AK14: =IMAGINARY(AG14) -> #REF! | AN14: =Reflection!A14 -> #REF! | AO14: 0+1i | AP14: =IMSUM(2.87,IMDIV(31.07,IMSUM(1,IMPOWER(IMPRODUCT(AO14,2*PI()*AN14,0.00000000005957),0.934))),IMDIV(1.79,IMSUM(1,IMPRODUCT(AO14,2*PI()*AN14*0.0000000000095))),IMDIV(1.21,IMSUM(1,IMPRODUCT(AO14,2*PI()*AN14*0.00000000000108)))) -> #REF! | AQ14: =IMPRODUCT(IMPRODUCT(AP14,AO14),2*PI()*AN14*0.0000000000088542) -> #REF! | AR14: =IMREAL(AP14) -> #REF! | AS14: =-IMAGINARY(AP14) -> #REF! | AT14: =IMREAL(AQ14) -> #REF! | AU14: =IMAGINARY(AQ14) -> #REF! | AX14: =Reflection!A14 -> #REF! | AY14: 0+1i | AZ14: =IMSUM(3.14,IMDIV(42.45,IMSUM(1,IMPOWER(IMPRODUCT(AY14,2*PI()*AX14,0.00000000003598),0.94))),IMDIV(0.86,IMSUM(1,IMPRODUCT(AY14,2*PI()*AX14*0.00000000000744))),IMDIV(1.49,IMSUM(1,IMPRODUCT(AY14,2*PI()*AX14*0.00000000000125)))) -> #REF! | BA14: =IMPRODUCT(IMPRODUCT(AZ14,AY14),2*PI()*AX14*0.0000000000088542) -> #REF! | BB14: =IMREAL(AZ14) -> #REF! | BC14: =-IMAGINARY(AZ14) -> #REF! | BD14: =IMREAL(BA14) -> #REF! | BE14: =IMAGINARY(BA14) -> #REF! | BH14: =Reflection!A14 -> #REF! | BI14: =IMSUM($BJ$1,IMSUM(IMDIV(($BK$1-$BJ$1),IMSUM(IMPOWER(IMPRODUCT($BP$1,2*PI()*BH14*$BL$1),(1-$BM$1)),1)),IMDIV($BN$1,IMPRODUCT($BP$1,2*PI()*BH14*0.000000000008854)))) -> #REF! | BJ14: =IMPRODUCT(IMPRODUCT(BI14,$BP$1),2*PI()*BH14*0.000000000008854) -> #REF! | BK14: =IMREAL(BI14) -> #REF! | BL14: =-IMAGINARY(BI14) -> #REF! | BM14: =IMREAL(BJ14) -> #REF! | BN14: =IMAGINARY(BJ14) -> #REF! | BR14: =Reflection!A14 -> #REF! | BS14: 0+1i | BT14: =IMSUM(4.1,IMDIV((78.4-4.1),IMSUM(IMPRODUCT(BS14,2*PI()*BR14*0.0000000000083),1))) -> #REF! | BU14: =IMPRODUCT(IMPRODUCT(BT14,BS14),2*PI()*BR14*0.000000000008854) -> #REF! | BV14: =IMREAL(BT14) -> #REF! | BW14: =-IMAGINARY(BT14) -> #REF! | BX14: =IMREAL(BU14) -> #REF! | BY14: =IMAGINARY(BU14) -> #REF!
... A202: =Reflection!A202 -> #REF! | B202: =IMSUM(4.1,IMDIV((78.4-4.1),IMSUM(IMPRODUCT($C$1,2*PI()*A202*0.0000000000083),1))) -> #REF! | C202: =IMPRODUCT(IMPRODUCT(B202,$C$1),2*PI()*A202*0.000000000008854) -> #REF! | D202: =IMREAL(B202) -> #REF! | E202: =-IMAGINARY(B202) -> #REF! | F202: =IMREAL(C202) -> #REF! | G202: =IMAGINARY(C202) -> #REF! | J202: =Reflection!A202 -> #REF! | K202: 0+1i | L202: =IMSUM(2.6,IMDIV(19.94,IMSUM(1,IMPOWER(IMPRODUCT(K202,2*PI()*J202,0.0000000001649),1))),IMDIV(0.74,IMSUM(1,IMPRODUCT(K202,2*PI()*J202*0.0000000000104))),IMDIV(1.19,IMSUM(1,IMPRODUCT(K202,2*PI()*J202*0.00000000000169)))) -> #REF! | M202: =IMPRODUCT(IMPRODUCT(L202,K202),2*PI()*J202*0.0000000000088542) -> #REF! | N202: =IMREAL(L202) -> #REF! | O202: =-IMAGINARY(L202) -> #REF! | P202: =IMREAL(M202) -> #REF! | Q202: =IMAGINARY(M202) -> #REF! | T202: =Reflection!A202 -> #REF! | U202: 0+1i | V202: =IMSUM(2.68,IMDIV(21.73,IMSUM(1,IMPOWER(IMPRODUCT(U202,2*PI()*T202,0.0000000001422),0.988))),IMDIV(0.77,IMSUM(1,IMPRODUCT(U202,2*PI()*T202*0.00000000000957))),IMDIV(1.32,IMSUM(1,IMPRODUCT(U202,2*PI()*T202*0.00000000000197)))) -> #REF! | W202: =IMPRODUCT(IMPRODUCT(V202,U202),2*PI()*T202*0.0000000000088542) -> #REF! | X202: =IMREAL(V202) -> #REF! | Y202: =-IMAGINARY(V202) -> #REF! | Z202: =IMREAL(W202) -> #REF! | AA202: =IMAGINARY(W202) -> #REF! | AD202: =Reflection!A202 -> #REF! | AE202: 0+1i | AF202: =IMSUM(2.7,IMDIV(25.93,IMSUM(1,IMPOWER(IMPRODUCT(AE202,2*PI()*AD202,0.00000000009441),0.956))),IMDIV(1.44,IMSUM(1,IMPRODUCT(AE202,2*PI()*AD202*0.00000000000891))),IMDIV(1.28,IMSUM(1,IMPRODUCT(AE202,2*PI()*AD202*0.00000000000139)))) -> #REF! | AG202: =IMPRODUCT(IMPRODUCT(AF202,AE202),2*PI()*AD202*0.0000000000088542) -> #REF! | AH202: =IMREAL(AF202) -> #REF! | AI202: =-IMAGINARY(AF202) -> #REF! | AJ202: =IMREAL(AG202) -> #REF! | AK202: =IMAGINARY(AG202) -> #REF! | AN202: =Reflection!A202 -> #REF! | AO202: 0+1i | AP202: =IMSUM(2.87,IMDIV(31.07,IMSUM(1,IMPOWER(IMPRODUCT(AO202,2*PI()*AN202,0.00000000005957),0.934))),IMDIV(1.79,IMSUM(1,IMPRODUCT(AO202,2*PI()*AN202*0.0000000000095))),IMDIV(1.21,IMSUM(1,IMPRODUCT(AO202,2*PI()*AN202*0.00000000000108)))) -> #REF! | AQ202: =IMPRODUCT(IMPRODUCT(AP202,AO202),2*PI()*AN202*0.0000000000088542) -> #REF! | AR202: =IMREAL(AP202) -> #REF! | AS202: =-IMAGINARY(AP202) -> #REF! | AT202: =IMREAL(AQ202) -> #REF! | AU202: =IMAGINARY(AQ202) -> #REF! | AX202: =Reflection!A202 -> #REF! | AY202: 0+1i | AZ202: =IMSUM(3.14,IMDIV(42.45,IMSUM(1,IMPOWER(IMPRODUCT(AY202,2*PI()*AX202,0.00000000003598),0.94))),IMDIV(0.86,IMSUM(1,IMPRODUCT(AY202,2*PI()*AX202*0.00000000000744))),IMDIV(1.49,IMSUM(1,IMPRODUCT(AY202,2*PI()*AX202*0.00000000000125)))) -> #REF! | BA202: =IMPRODUCT(IMPRODUCT(AZ202,AY202),2*PI()*AX202*0.0000000000088542) -> #REF! | BB202: =IMREAL(AZ202) -> #REF! | BC202: =-IMAGINARY(AZ202) -> #REF! | BD202: =IMREAL(BA202) -> #REF! | BE202: =IMAGINARY(BA202) -> #REF! | BH202: =Reflection!A202 -> #REF! | BI202: =IMSUM($BJ$1,IMSUM(IMDIV(($BK$1-$BJ$1),IMSUM(IMPOWER(IMPRODUCT($BP$1,2*PI()*BH202*$BL$1),(1-$BM$1)),1)),IMDIV($BN$1,IMPRODUCT($BP$1,2*PI()*BH202*0.000000000008854)))) -> #REF! | BJ202: =IMPRODUCT(IMPRODUCT(BI202,$BP$1),2*PI()*BH202*0.000000000008854) -> #REF! | BK202: =IMREAL(BI202) -> #REF! | BL202: =-IMAGINARY(BI202) -> #REF! | BM202: =IMREAL(BJ202) -> #REF! | BN202: =IMAGINARY(BJ202) -> #REF! | BR202: =Reflection!A202 -> #REF! | BS202: 0+1i | BT202: =IMSUM(4.1,IMDIV((78.4-4.1),IMSUM(IMPRODUCT(BS202,2*PI()*BR202*0.0000000000083),1))) -> #REF! | BU202: =IMPRODUCT(IMPRODUCT(BT202,BS202),2*PI()*BR202*0.000000000008854) -> #REF! | BV202: =IMREAL(BT202) -> #REF! | BW202: =-IMAGINARY(BT202) -> #REF! | BX202: =IMREAL(BU202) -> #REF! | BY202: =IMAGINARY(BU202) -> #REF!
